"company_code","user_id","resume_ver_kbn","resume_seq_no","develop_period_from","develop_period_to","develop_summary_sys","develop_summary_sry","develop_summary_cts","develop_summary_mbs","develop_language_1","develop_language_2","develop_language_3","develop_db_1","develop_db_2","develop_db_3","develop_os_1","develop_os_2","develop_os_3","responsible","requirements_flg","basic_flg","specific_flg","coding_flg","unit_test_flg","interface_test_flg","system_test_flg","del_flg","reg_account","reg_time","upd_account","upd_time"
"000001","069",一時,"01","20080602","20080602",不動産会社向け業務支援システム,不動産会社向け業務支援システム,製造、単体テスト、結合テスト、運用テスト,"30",Java,"","",HiRDB,"","",Windows,"","","005","1","1","1","0","0","0","0","0","069","2023-01-10 23:31:54","069","2023-01-10 23:31:54"
"000001","069",一時,"02","20090601","20100301",信用情報開示オンランシステム,信用情報開示オンランシステム,基本設計、詳細設計、製造、単体テスト、結合テスト、運用テスト,"20",Java,"","",Microsoft SQL Server,"","",Windows,"","","","1","0","0","0","0","0","0","0","069","2023-01-10 23:31:54","069","2023-01-10 23:31:54"
"000001","069",一時,"03","20100401","20120101",タクシー決算システム,タクシー決算システム,詳細設計,"40",Java,"","",Oracle,"","",Windows,"","","003","1","1","0","1","1","1","1","0","069","2023-01-10 23:31:54","069","2023-01-10 23:31:54"
"000001","069",一時,"04","20120201","20120701",ショッピングセーター向け業務支援システム,ショッピングセーター向け業務支援システム,基本設計、詳細設計、製造、単体テスト、結合テスト、運用テスト,"10",Java,"","",Oracle,"","",Windows,"","","003","1","1","1","1","1","1","1","0","069","2023-01-10 23:31:54","069","2023-01-10 23:31:54"
"000001","069",一時,"05","20120801","20140301",オンランサービス会社向けポイントシステム,オンランサービス会社向けポイントシステム,基本設計、詳細設計、製造、単体テスト、結合テスト、運用テスト,"30",Java,"","",Oracle,"","",Windows,"","","003","1","0","0","0","0","0","0","0","069","2023-01-10 23:31:54","069","2023-01-10 23:31:54"
"000001","069",一時,"06","20140701","20180301",サーバ管理パッケージ,サーバ管理パッケージ,要件・調査、基本設計、詳細設計、製造、単体テスト、結合テスト,"12",Java,"","","","","",Windows,"","","003","0","0","0","0","0","0","1","0","069","2023-01-10 23:31:54","069","2023-01-10 23:31:54"
"000001","069",一時,"07","20180401","20190501",金融機関システム,金融機関システム,要件・調査、基本設計、詳細設計、製造、単体テスト、結合テスト,"60",Java,"","",Oracle,"","",Windows,Unix,"","003","0","0","0","0","0","0","1","0","069","2023-01-10 23:31:54","069","2023-01-10 23:31:54"
"000001","069",一時,"08","20190601","20220201",保険会社システム,保険会社システム,要件・調査、基本設計、詳細設計、製造、単体テスト、結合テスト,"30",Java,"","",Oracle,"","",Windows,"","","","0","0","0","0","0","0","1","0","069","2023-01-10 23:31:54","069","2023-01-10 23:31:54"
"000001","069",一時,"09","20220301","20220901",府省共通研究開発システム,府省共通研究開発システム,受入検証,"60",Java,"","",Oracle,"","",Unix,"","","003","0","0","0","1","1","0","0","0","069","2023-01-10 23:31:54","069","2023-01-10 23:31:54"
"000001","116","1.0","01","20030401","20030901",産業・流通社内管理システム,新規開発,開発、単体,"12",PB,"","",Oracle9i,"","",Windows,"","","005","1","1","1","0","0","1","1","0","116","2024-04-24 10:09:59","116","2024-04-24 10:09:59"
"000001","116","1.0","02","20031101","20040701",産業・流通備品管理システム,新規開発,開発、単体,"35",PB,"","",Oracle9i,"","",Windows,"","","005","1","1","1","0","0","1","1","0","116","2024-04-24 10:09:59","116","2024-04-24 10:09:59"
"000001","116","1.0","03","20051001","20051201",産業・流通物流管理システム,新規開発2期,開発、単体,"35",C#,"","",Oracle9i,"","",Windows,"","","005","1","1","1","0","0","1","1","0","116","2024-04-24 10:09:59","116","2024-04-24 10:09:59"
"000001","116","1.0","04","20060101","20060201",産業・流通物流管理システム,機能追加,開発、単体,"35",C#,"","",Oracle9i,"","",Windows,"","","005","1","1","1","0","0","1","1","0","116","2024-04-24 10:09:59","116","2024-04-24 10:09:59"
"000001","116","1.0","05","20060701","20060801",産業・流通通販管理システム,新規開発,詳細設計～単体、チーム管理,"35",C++,"","","","","",Windows,"","","001","1","1","1","0","0","1","1","0","116","2024-04-24 10:09:59","116","2024-04-24 10:09:59"
"000001","116","1.0","06","20060901","20061001",産業・流通生産管理システム,新規開発,詳細設計～結合、チーム管理,"20",C#/VB,"","",Oracle10G,"","",Windows,"","","001","1","1","0","0","0","0","1","0","116","2024-04-24 10:09:59","116","2024-04-24 10:09:59"
"000001","116","1.0","07","20061101","20070401",産業・流通社内管理システム,新規開発,詳細設計～単体、チーム管理,"20",C#/VB,"","",Oracle10G,"","",Windows,"","","001","1","1","0","0","0","1","1","0","116","2024-04-24 10:09:59","116","2024-04-24 10:09:59"
"000001","116","1.0","08","20070601","20071101",産業・流通物流システム,新規開発,詳細設計～単体、チーム管理,"20",C#/VB,"","",Oracle10G,"","",Windows,"","","001","1","1","0","0","0","1","1","0","116","2024-04-24 10:09:59","116","2024-04-24 10:09:59"
"000001","116","1.0","09","20071101","20080601",産業・流通社内管理システム,改修,詳細設計～単体、チーム管理,"20",C#/VB,"","",Oracle10G,"","",Windows,"","","001","1","1","0","0","0","1","1","0","116","2024-04-24 10:09:59","116","2024-04-24 10:09:59"
"000001","116","1.0","10","20080801","20080901",産業・流通店舗管理システム,新規開発,詳細設計～単体、チーム管理,"20",C#,"","",MySQL,"","",Windows,"","","001","1","1","0","0","0","1","1","0","116","2024-04-24 10:09:59","116","2024-04-24 10:09:59"
"000001","116","1.0","11","20080801","20080901",産業・流通建築現場管理システム,新規開発,詳細～単体、プロジェクト管理,"11",C#,"","",SQLServer,"","",Windows,"","","","1","1","1","0","0","1","1","0","116","2024-04-24 10:09:59","116","2024-04-24 10:09:59"
"000001","116","1.0","12","20081001","20081101",産業・流通,BoftecWebSite構築,詳細～単体、プロジェクト管理,"11",C#,"","",SQLSERVER,"","",Windows,"","","","1","1","1","0","0","1","1","0","116","2024-04-24 10:09:59","116","2024-04-24 10:09:59"
"000001","116","1.0","13","20081201","20090401",産業・流通通販管理システム,新規開発,詳細～単体、プロジェクト管理,"11",VB.NET,"","",SQL Server 2008,"","",Windows,"","","","1","1","0","0","0","1","1","0","116","2024-04-24 10:09:59","116","2024-04-24 10:09:59"
"000001","116","1.0","14","20090601","20090701",産業・流通生産管理システム,開発,開発、単体、プロジェクト管理,"11",ASP.NET,"","",SQLServer,"","",Windows,"","","","1","1","1","0","0","1","1","0","116","2024-04-24 10:09:59","116","2024-04-24 10:09:59"
"000001","116","1.0","15","20090701","20090801",産業・流通入出荷検品管理システム,構築,開発、単体、プロジェクト管理,"11",ASP.NET,"","",SQLServer,"","",Windows,"","","","1","1","1","0","0","1","1","0","116","2024-04-24 10:09:59","116","2024-04-24 10:09:59"
"000001","116","1.0","16","20090801","20090901",産業・流通ビルメンテ管理システム,新規開発,開発、単体、プロジェクト管理,"11",ASP.NET,"","",SQLServer,"","",Windows,"","","","1","1","1","0","0","1","1","0","116","2024-04-24 10:09:59","116","2024-04-24 10:09:59"
"000001","116","1.0","17","20090901","20091001",産業・流通社内管理システム,構築,開発、単体、プロジェクト管理,"11",ASP.NET,"","",SQLServer,"","",Windows,"","","","1","1","1","0","0","1","1","0","116","2024-04-24 10:09:59","116","2024-04-24 10:09:59"
"000001","116","1.0","18","20091101","20091201",産業・流通,給与サーバデータ移行,開発、単体、プロジェクト管理,"11",VBA,"","",Oracle ACCESS2007,"","",Windows,"","","","1","1","1","0","0","1","1","0","116","2024-04-24 10:09:59","116","2024-04-24 10:09:59"
"000001","116","1.0","19","20090101","20100401",産業・流通生産管理システム,改修,開発、単体、プロジェクト管理,"11",VB.NET,"","",SQLServer,"","",Windows,"","","","1","1","1","0","0","1","1","0","116","2024-04-24 10:09:59","116","2024-04-24 10:09:59"
"000001","116","1.0","20","20100501","20100601",産業・流通顧客情報管理システム,新規開発,開発、単体、プロジェクト管理,"11",C#,"","",PostgreSQL  8.4,"","",Windows,"","","","1","1","1","0","0","1","1","0","116","2024-04-24 10:09:59","116","2024-04-24 10:09:59"
"000001","116","1.0","21","20100701","20101201",公共・社会eラーニング試験管理システム,新規開発,開発、単体、プロジェクト管理,"11",C#,"","",PostgreSQL  8.4,"","",Windows,"","","","1","1","1","0","0","1","1","0","116","2024-04-24 10:09:59","116","2024-04-24 10:09:59"
"000001","116","1.0","22","20101001","20101101",公共・社会eラーニングシステム,構築,開発、単体、プロジェクト管理,"11",JAVA,"","",PostgreSQL  8.4,"","",Windows,"","","","1","1","1","0","0","1","1","0","116","2024-04-24 10:09:59","116","2024-04-24 10:09:59"
"000001","116","1.0","23","20101201","20110701",産業・流通原価システム,開発、単体,開発、単体,"11",C#,"","",SQLServer,"","",Windows,"","","","1","1","1","0","0","1","1","0","116","2024-04-24 10:09:59","116","2024-04-24 10:09:59"
"000001","116","1.0","24","20110701","20110901",産業・流通生産管理システム,新規開発,開発～結合、プロジェクト管理,"11",C#,"","",PostgreSQL  8.4,"","",Windows,"","","","1","1","1","0","0","0","1","0","116","2024-04-24 10:09:59","116","2024-04-24 10:09:59"
"000001","116","1.0","25","20110701","20110901",公共・社会TPOINTシステム,新規開発,開発、単体、プロジェクト管理,"4",HTML,"","",SQLServer,"","",Windows,"","","","1","1","1","0","0","1","1","0","116","2024-04-24 10:09:59","116","2024-04-24 10:09:59"
"000001","116","1.0","26","20120201","20120401",公共・社会,Lunchonline新規開発支援,単体,"8",VB.NET,"","",SQLServer,"","",Windows,"","","","1","1","1","0","0","1","1","0","116","2024-04-24 10:09:59","116","2024-04-24 10:09:59"
"000001","116","1.0","27","20120401","20120401",公共・社会,健診システムコンバージョン,単体,"8",VBA,"","",SQLServer,"","",Windows,"","","","1","1","1","0","0","1","1","0","116","2024-04-24 10:09:59","116","2024-04-24 10:09:59"
"000001","116","1.0","28","20120401","20120501",産業・流通生産管理システム,新規開発（一期前期準備）,テスト,"10",VB.NET,"","",SQLServer,"","",Windows,"","","005","1","1","1","0","0","0","1","0","116","2024-04-24 10:09:59","116","2024-04-24 10:09:59"
"000001","116","1.0","29","20120601","20130201",産業・流通生産管理システム,新規開発（一期、マスタ、注文、発注等）,テスト,"10",VB.NET,"","",SQLServer,"","",Windows,"","","005","1","1","1","0","0","0","1","0","116","2024-04-24 10:09:59","116","2024-04-24 10:09:59"
"000001","116","1.0","30","20130301","20131201",産業・流通生産管理システム,新規開発（ニ期、スケジュール、生産計画、BOM等）,テスト,"10",VB.NET,"","",SQLServer,"","",Windows,"","","005","1","1","1","0","0","0","1","0","116","2024-04-24 10:09:59","116","2024-04-24 10:09:59"
"000001","116","1.0","31","20131201","20140901",産業・流通生産管理システム,新規開発（三期、製造計画、資材計画、在庫など）,テスト,"10",VB.NET,"","",SQLServer,"","",Windows,"","","","1","1","1","0","0","0","1","0","116","2024-04-24 10:09:59","116","2024-04-24 10:09:59"
"000001","116","1.0","32","20141101","20151001",公共・社会資材管理システム,新規開発,テスト,"6",JAVA,"","",Oracle,"","",Windows,"","","005","1","1","1","0","0","0","1","0","116","2024-04-24 10:09:59","116","2024-04-24 10:09:59"
"000001","116","1.0","33","20151101","20160101",産業・流通生産管理システム,オフライン開発,テスト,"10",VB.NET,"","",SQLServer,"","",Windows,"","","","1","1","1","0","0","0","1","0","116","2024-04-24 10:09:59","116","2024-04-24 10:09:59"
"000001","116","1.0","34","20160101","20160101",産業・流通,ハンディアプリ新規開発,テスト,"8",VB.NET,"","",Oracle,"","",Windows,"","","","1","1","1","0","0","0","1","0","116","2024-04-24 10:09:59","116","2024-04-24 10:09:59"
"000001","116","1.0","35","20160201","20160301",産業・流通,LabelGradeManagement機能追加,テスト,"12",VB.NET,"","",Oracle,"","",Windows,"","","005","1","1","1","0","0","0","1","0","116","2024-04-24 10:09:59","116","2024-04-24 10:09:59"
"000001","116","1.0","36","20130301","20131201",産業・流通生産管理システム,新規開発（ニ期、スケジュール、生産計画、BOM等）,テスト,"10",VB.NET,"","",SQLServer,"","",Windows,"","","005","1","1","1","0","0","0","1","0","116","2024-04-24 10:09:59","116","2024-04-24 10:09:59"
"000001","116","1.0","37","20131201","20140901",産業・流通生産管理システム,新規開発（三期、製造計画、資材計画、在庫など）,テスト,"10",VB.NET,"","",SQLServer,"","",Windows,"","","005","1","1","1","0","0","0","1","0","116","2024-04-24 10:09:59","116","2024-04-24 10:09:59"
"000001","116","1.0","38","20141101","20151001",公共・社会資材管理システム,新規開発,テスト,"6",JAVA,"","",Oracle,"","",Windows,"","","005","1","1","1","0","0","0","1","0","116","2024-04-24 10:09:59","116","2024-04-24 10:09:59"
"000001","116","1.0","39","20151101","20160101",産業・流通生産管理システム,オフライン開発,テスト,"10",VB.NET,"","",SQLServer,"","",Windows,"","","005","1","1","1","0","0","0","1","0","116","2024-04-24 10:09:59","116","2024-04-24 10:09:59"
"000001","116","1.0","40","20160101","20160101",産業・流通,ハンディアプリ新規開発,テスト,"8",VB.NET,"","",SQLServer,"","",Windows,"","","005","1","1","1","0","0","0","1","0","116","2024-04-24 10:09:59","116","2024-04-24 10:09:59"
"000001","116","1.0","41","20141101","20151001",公共・社会資材管理システム,新規開発,テスト,"6",JAVA,"","",Oracle,"","",Windows,"","","005","1","1","1","0","0","0","1","0","116","2024-04-24 10:09:59","116","2024-04-24 10:09:59"
"000001","116","1.0","42","20151101","20160101",産業・流通生産管理システム,オフライン開発,テスト,"10",VB.NET,"","",SQLServer,"","",Windows,"","","005","1","1","1","0","0","0","1","0","116","2024-04-24 10:09:59","116","2024-04-24 10:09:59"
"000001","116","1.0","43","20160101","20160101",産業・流通,ハンディアプリ新規開発,テスト,"8",VB.NET,"","",Oracle,"","",Windows,"","","005","1","1","1","0","0","0","1","0","116","2024-04-24 10:09:59","116","2024-04-24 10:09:59"
"000001","116","1.0","44","20160201","20160301",産業・流通,LabelGradeManagement機能追加,テスト,"12",VB.NET,"","",Oracle,"","",Windows,"","","","1","1","1","0","0","0","1","0","116","2024-04-24 10:09:59","116","2024-04-24 10:09:59"
"000001","116","1.0","45","20160301","20170101",産業・流通,WF開発（教育）ONE-B改修,詳細設計、テスト,"12",VB.NET,"","",SQLServer,"","",Windows,"","","","1","1","1","0","0","0","1","0","116","2024-04-24 10:09:59","116","2024-04-24 10:09:59"
"000001","116","1.0","46","20170101","20180101",産業・流通生産管理システム,新規開発,詳細設計、テスト,"6",C#,"","",SQLServer,"","",Windows,"","","","1","1","0","0","0","0","0","0","116","2024-04-24 10:09:59","116","2024-04-24 10:09:59"
"000001","116","1.0","47","20180101","20180401",行政公益認定等総合情報システム,新規開発,詳細設計、単体,"10",JAVA,"","",PostgreSQL  9.6,"","",Windows Linux,"","","005","1","1","0","0","0","1","1","0","116","2024-04-24 10:09:59","116","2024-04-24 10:09:59"
"000001","116","1.0","48","20180501","20180801",金融債権書類管理システム,移行、バージョンアップ,詳細設計,"4",VB.NET,"","",Oracle,"","",Windows,"","","","1","1","0","0","0","1","1","0","116","2024-04-24 10:09:59","116","2024-04-24 10:09:59"
"000001","116","1.0","49","20181201","20190601",保険,サーバー移行プロジェクト,開発～本番テスト,"10",C# COBOL,"","",Oracle,"","",Windows Linux,"","","","1","1","1","0","0","0","0","0","116","2024-04-24 10:09:59","116","2024-04-24 10:09:59"
"000001","116","1.0","50","20190701","20200901",金融保証審査支援システム,新規開発,詳細設計～結合テスト,"4",C# Java,"","",SQL Server,"","",Windows,"","","005","1","1","0","0","0","0","1","0","116","2024-04-24 10:09:59","116","2024-04-24 10:09:59"
"000001","116","1.0","51","20200501","20210401",建築,新規システム提案・開発（スマホアプリ開発）,要件、設計、移行、作業指導,"10",Xamarin Node.js AngularJS PHP,"","",MariaDB,"","",Windows Linux,"","","002","0","0","0","0","0","1","1","0","116","2024-04-24 10:09:59","116","2024-04-24 10:09:59"
"000001","116","1.0","52","20201001","20210801",金融電子手形交換システム,新規開発,詳細設計、結合,"12",Java Spring,"","",HiRDB,"","",AWS Linux Window10,"","","005","1","1","0","0","0","0","1","0","116","2024-04-24 10:09:59","116","2024-04-24 10:09:59"
"000001","116","1.0","53","20210901","20210901",手形交換パッケージシステム,詳細設計、開発、結合、運用,詳細設計、開発、結合、運用,"12",Java Spring,"","",HiRDB,"","",AWS Linux Window10,"","","001","1","1","0","0","0","0","0","0","116","2024-04-24 10:09:59","116","2024-04-24 10:09:59"
"000001","116","1.0","54","20211001","20221001",新請求システム構築プロジェクト,詳細設計、開発、結合、運用,詳細設計、開発、結合、運用,"10",Java Spring,"","",HiRDB,"","",AWS Linux Window10,"","","001","1","1","0","0","0","0","0","0","116","2024-04-24 10:09:59","116","2024-04-24 10:09:59"
"000001","116","1.0","55","20221001","20230601",新請求システム,"vue,java請求、領収",領収書オンライン、バッチ、マニュアル請求一覧、請求ナビ、課題対応、,"8",Vue,Java,"",PostgreSQL,"","",windows10,windows11,aws,"005","1","1","0","0","0","0","0","0","116","2024-04-24 10:09:59","116","2024-04-24 10:09:59"
"000001","116","1.0","56","20230701","20231031",アプリ　コンバージョン,Nodejs →Java,自社作業を担当し、協力会社の窓口と作業フォロー,"4",JAVA,Xamarin,Nodejs,MariaDB,"","",Windows,Linux,"","001","1","1","1","0","0","0","0","0","116","2024-04-24 10:09:59","116","2024-04-24 10:09:59"
"000001","116","1.0","57","20231001","20240430",コーポレート再構築,保険（募集、建機、包括）再構築,GLTDのバッチ、包括のオンラインの基本設計など,"5",webProformer,java,"",Postgresql,"","",windows,"","","004","1","0","0","0","0","1","1","0","116","2024-04-24 10:09:59","116","2024-04-24 10:09:59"
"000001","121","1.0","01","20170501","20171201",書店向けPOSシステム改修,新規機能の追加(商品管理テーブル内の出版後長期間経過した雑誌のデータの整理機能追加など）,コーディング、単体テスト、結合テスト,"30",".NET, PL/SQL","","",oracle 11g,"","","windows7, windows10","","","005","1","1","1","0","0","0","1","0","121","2023-05-01 12:40:38","121","2023-05-01 12:40:38"
"000001","121","1.0","02","20180701","20200901",銀行次世代システム更新,銀行システムのソース改修,テスト中心,"100","Cobol, JP1","","",HiRDB,"","","Windows7, Windows8, Linux","","","005","1","1","1","1","0","0","0","0","121","2023-05-01 12:40:38","121","2023-05-01 12:40:38"
"000001","121","1.0","03","20201001","20210401",スマホアプリ開発,新規システム提案・開発,設計、コーディング、テスト,"10",Node.js AngularJS PHP,"","",MariaDB,"","",Windows Linux,"","","005","1","0","0","0","0","1","1","0","121","2023-05-01 12:40:38","121","2023-05-01 12:40:38"
"000001","121","1.0","04","20210401","20220401",顧客管理システム改修,生協向け顧客管理システム改修,基本設計、コーディング、単体テスト、結合テスト,"20","Vue.js, JavaScript, Java, COBOL, JP1","","",MariaDB,"","",Windows10,"","","005","1","0","1","0","0","0","1","0","121","2023-05-01 12:40:38","121","2023-05-01 12:40:38"
"000001","121","1.0","05","20220401","20220930",HP＆アプリ機能追加,建設会社システム改修,結合テスト実施,"10",Node.js AngularJS PHP,"","",MariaDB,"","",Windows Linux,"","","005","1","1","1","1","1","0","1","0","121","2023-05-01 12:40:38","121","2023-05-01 12:40:38"
"000001","121","1.0","06","20221001","20221231",銀行融資システム,テスト環境構築,環境構築,"20","","","",Oracle,"","",Windows Server 2012,"","","006","1","1","1","1","1","1","1","0","121","2023-05-01 12:40:38","121","2023-05-01 12:40:38"
"000001","121","1.0","07","20230101","20230331",新請求システム改修,請求システムの改修・テスト,プログラミング、テスト,"10","Java,vue.js","","",PostgreSQL,"","",Windows10,"","","005","1","1","1","0","0","1","1","0","121","2023-05-01 12:40:38","121","2023-05-01 12:40:38"
"000001","122","1.0","01","20150601","20151101",業務管理システム,政令市情報支援室業務管理システム新規作成,製造、テスト,"3",PHP,"","",mysql,"","",Windows,"","","005","1","1","0","0","0","1","1","0","122","2023-04-14 13:35:52","122","2023-04-14 13:35:52"
"000001","122","1.0","02","20151201","20160301",商社アプリ管理システム,携帯アプリ管理システム新規作成,不具合修正、テスト,"7",PHP,"","",mysql,"","",Windows/IOS,"","","005","1","1","0","0","0","0","1","0","122","2023-04-14 13:35:52","122","2023-04-14 13:35:52"
"000001","122","1.0","03","20160601","20160801",商社ODMA For 小売システム,ネット販売システム新規作成,製造,"6",JAVA,"","",SQL Server,"","",Windows,"","","005","1","1","1","0","0","1","1","0","122","2023-04-14 13:35:52","122","2023-04-14 13:35:52"
"000001","122","1.0","04","20160901","20161101",釜山物流応援システム,物流管理システム新規作成,製造、テスト,"15",JAVA,"","",SQL Server,"","",Windows,"","","005","1","1","1","0","0","1","1","0","122","2023-04-14 13:35:52","122","2023-04-14 13:35:52"
"000001","122","1.0","05","20161201","20170601",生産管理システム,物流生産管理システム新規作成,スケジュール管理、製造、テスト,"11",C#,"","",SQL Server,"","",Windows,"","","004","1","1","0","0","0","0","1","0","122","2023-04-14 13:35:52","122","2023-04-14 13:35:52"
"000001","122","1.0","06","20170701","20180401",派遣管理システム,派遣システムをvb6からvb.netへバージョンアップ,スケジュール管理、コンバージョン、仕様変更、WEB連携,"15",C#,"","",SQL Server,"","",Windows,"","","001","1","1","0","0","0","0","1","0","122","2023-04-14 13:35:52","122","2023-04-14 13:35:52"
"000001","122","1.0","07","20180501","20180701",商社人事フロントシステム,人事管理システム新規作成,製造、テスト,"5",JAVA,"","",SQL Server,"","",Windows,"","","005","1","1","1","0","0","1","1","0","122","2023-04-14 13:35:52","122","2023-04-14 13:35:52"
"000001","122","1.0","08","20180801","20190601",保険サーバーバージョンアップシステム,オラクルサーバーバージョンアップに対して、システム改修,詳細設計、製造、テスト,"20",C#,"","",SQL Server,"","",Windows,"","","003","1","1","0","0","0","0","1","0","122","2023-04-14 13:35:52","122","2023-04-14 13:35:52"
"000001","122","1.0","09","20190701","20190901",百貨店在庫・発注管理システム,発注管理システム機能追加,製造、テスト,"12",JAVA,"","",ORACLE,"","",Linux,"","","004","1","1","0","0","0","0","1","0","122","2023-04-14 13:35:52","122","2023-04-14 13:35:52"
"000001","130","1.0ver","01","20150903","20161031",日立様向けIoperation0601版および0602版のテスト作業,Ioperationに向けてのテスト作業,テスト作業,"5",JAVA,JAVA,JAVA,HiRDB,HiRDB,HiRDB,Windows2008,Windows2012,Windows2016,"005","1","1","1","1","1","0","1","0","130","2024-09-02 07:27:39","130","2024-09-02 07:27:39"
"000001","130","1.0ver","02","20161101","20170331",日立様向けマクロ0602版の開発,日立様向けマクロ0602版の開発,マクロ開発,"3",VBA,"","","","","",Windows7,"","","005","1","1","0","0","0","0","0","0","130","2024-09-02 07:27:39","130","2024-09-02 07:27:39"
"000001","130","1.0ver","03","20170401","20170630",日立様向けマクロ0603版の開発,日立様向けマクロ0603版の開発,マクロ開発,"3",VBA,"","","","","",Windows 7,"","","005","1","1","0","0","0","0","1","0","130","2024-09-02 07:27:39","130","2024-09-02 07:27:39"
"000001","130","1.0ver","04","20170701","20170831",日立様向けIoperation0603版のテスト作業,Ioperation0603版に向けてのテスト作業,Ioperation全体,"3",JAVA,JAVA,JAVA,HiRDB,HiRDB,HiRDB,Windows2010,Linux6.9,Linux7.3,"005","1","1","1","1","1","0","1","0","130","2024-09-02 07:27:39","130","2024-09-02 07:27:39"
"000001","130","1.0ver","05","20170911","20180131",浜信営業支援システム（オフ部分）,浜信営業支援システム（オフ部分）に向けてCOBOLを開発する,COBOLの開発,"3",COBOL,"","",ORACLE,"","",Windows7,"","","005","1","1","1","0","0","1","1","0","130","2024-09-02 07:27:39","130","2024-09-02 07:27:39"
"000001","130","1.0ver","06","20180301","20210228",静岡銀行システムのテスト作業,静岡銀行システムに向けてテスト作業,テスト作業,"10",COBOL,"","",HiRDB,"","",Windows7,"","","005","0","1","1","1","0","0","0","0","130","2024-09-02 07:27:39","130","2024-09-02 07:27:39"
"000001","130","1.0ver","07","20210401","20220831",千葉銀行システムのSI作業,千葉銀行システムに向けてSI作業,SI作業,"8",COBOL,VBA,"",HiRDB,"","",Linux,Windows7,"","005","0","1","1","0","0","1","0","0","130","2024-09-02 07:27:39","130","2024-09-02 07:27:39"
"000001","130","1.0ver","08","20230901","20240731",滋賀銀行次世代システム対応,滋賀銀行に向けてシステムの対応作業,営業店端末の打鍵、B票提出作業,"20",COBOL,"","",HiRDB,"","",Windows,"","","005","0","0","0","1","1","0","0","0","130","2024-09-02 07:27:39","130","2024-09-02 07:27:39"
"000001","130","1.0ver","09","20240801","20241031",製品保守（滋賀現地）,滋賀銀行に向けてV8.0製品の保守作業,設計書修正、テスト作業,"20",COBOL,"","",HirDB,"","",Linux,"","","005","0","0","0","1","0","0","1","0","130","2024-09-02 07:27:39","130","2024-09-02 07:27:39"
"000001","147","1.0","01","20180501","20181101",プロジェクト管理システム,プロジェクト管理,ワークフローの権限の追加とオフィスの文職,"30",JAVA,"","",SQL,"","",Windows,"","","005","0","1","1","1","1","1","1","0","147","2023-05-18 11:14:17","147","2023-05-18 11:14:17"
"000001","147","1.0","02","20181201","20190601",保険プロジェクト　CT1システム,保険プロジェクト,結合テスト,"8",C#,"","",Oracle,"","",Windows,"","","005","1","1","1","1","1","0","1","0","147","2023-05-18 11:14:17","147","2023-05-18 11:14:17"
"000001","147","1.0","03","20190701","20190901",百貨店在庫・発注管理システム,百貨店在庫・発注管理,結合テスト,"8",JAVA,"","",ORCALE,"","",Windows,"","","005","1","1","0","0","0","0","1","0","147","2023-05-18 11:14:17","147","2023-05-18 11:14:17"
"000001","147","1.0","04","20191001","20210901",SCNA PT-10病理システム,カスタマイズ,単体テスト,"10",C#,"","",PGADMIN3,"","",Windows,"","","005","1","1","1","1","0","1","1","0","147","2023-05-18 11:14:17","147","2023-05-18 11:14:17"
"000001","147","1.0","05","20211001","20211001",BBS次世代システム基盤,カスタマイズ,単体テスト,"6",JAVA,"","",MySQL,"","",Windows,"","","005","0","0","1","1","1","1","1","0","147","2023-05-18 11:14:17","147","2023-05-18 11:14:17"
"000001","147","1.0","06","20211001","20211101",電子手形交換システム,電子手形交換システム開発,コーディング,"10",JAVA,"","",HiRDB,"","",Windows,"","","005","1","1","1","0","1","1","1","0","147","2023-05-18 11:14:17","147","2023-05-18 11:14:17"
"000001","147","1.0","07","20211201","20220301",人事評価システム,人事評価システム開発,コーディング,"10",JAVA,"","",HiRDB,"","",Windows,"","","005","1","1","1","0","1","1","1","0","147","2023-05-18 11:14:17","147","2023-05-18 11:14:17"
"000001","147","1.0","08","20210401","20220601",電子手形交換システム,電子手形交換システム開発,コーディング,"10",JAVA,"","",HiRDB,"","",Windows,"","","005","1","1","1","1","0","1","1","0","147","2023-05-18 11:14:17","147","2023-05-18 11:14:17"
"000001","147","1.0","09","20210701","20231101",BBS次世代システム基盤,カスタマイズ,単体テスト,"5",JAVA,"","",MySQL,"","",Windows,"","","005","0","1","1","1","1","1","1","0","147","2023-05-18 11:14:17","147","2023-05-18 11:14:17"
"000001","150","1","01","20170401","20171031",外食産業向け店舗システム,既存機能の改修作業,概要設計書、詳細設計書、単体テスト仕様書と結合テスト仕様書の作成、Javaクラスの改修、保守,"4","Java,JavaScript,Html,Css","","",Oracle,"","",Windows,"","","005","1","0","0","0","0","0","1","0","150","2024-02-29 18:59:02","150","2024-02-29 18:59:02"
"000001","150","1","02","20171101","20190331",外食産業向け店舗システム,勤怠機能の新規構築,概要設計書、詳細設計書、単体テスト仕様書と結合テスト仕様書の作成、新規画面の作成,"4","Java,JavaScript,Html,Css","","",Oracle,"","",Windows,"","","005","1","0","0","0","0","0","1","0","150","2024-02-29 18:59:02","150","2024-02-29 18:59:02"
"000001","150","1","03","20190401","20190901",BSSsymphony開発,新サービスの追加による新規画面、機能の作成,詳細設計書の作成、コーディング、単体テスト、結合テストの実施,"10","Java,JavaScript,Html,Css","","",PostgreSQL,"","",Windows,"","","005","1","0","0","0","0","0","1","0","150","2024-02-29 18:59:02","150","2024-02-29 18:59:02"
"000001","150","1","04","20191001","20191101",BSSsymphony開発,新サービスの追加による改修,詳細設計書の改修、コーディング、単体テスト、結合テストの実施,"10","Java,JavaScript,Html,Css,Linux","","",Oracle,"","",WIndows,"","","005","1","1","0","0","0","0","1","0","150","2024-02-29 18:59:02","150","2024-02-29 18:59:02"
"000001","150","1","05","20191201","20191201",Webサーバ移行,旧Webサーバから新Webサーバへ切り替え,移行手順書、テスト手順書の作成、切替テストの実施,"4",Linux,"","",Oracle,"","",Windows,"","","005","1","1","1","1","1","0","1","0","150","2024-02-29 18:59:02","150","2024-02-29 18:59:02"
"000001","150","1","06","20200101","20200901",BSSsymphony開発,新サービスの追加による改修,詳細設計書の改修、単体テスト仕様書の作成、単体テスト仕様書のレビュー,"10","Java,JavaScript,Html,Css","","",PostgreSQL,"","",Windows,"","","005","1","1","0","1","0","1","1","0","150","2024-02-29 18:59:02","150","2024-02-29 18:59:02"
"000001","150","1","07","20201001","20220201",報告業務システム研究開発（快作レポート＋）,機能追加,概要設計書、詳細設計書、単体テスト仕様書と結合テスト仕様書の作成,"10","Java,JavaScript,Html,Css,C#","","",PostgreSQL,"","",Windows,"","","004","1","0","0","0","0","0","1","0","150","2024-02-29 18:59:02","150","2024-02-29 18:59:02"
"000001","150","1","08","20220301","20220501",MSクラウドをベースとしたモダナイゼーション,調査検討,調査資料を作成,"6","Java,JavaScript,Html,Css,C#",PowerApps,"",PostgreSQL,"","",Windows,"","","004","0","1","1","1","1","1","1","0","150","2024-02-29 18:59:02","150","2024-02-29 18:59:02"
"000001","150","1","09","20220701","20220801",府省共通研究開発管理システム(eRad),プログラム対応支援、稼働維持支援,内部B票の切り分け、設計書修正,"3","Java,JavaScript,Html,Css","","",Oracle,"","",Windows,"","","004","1","0","0","1","1","1","1","0","150","2024-02-29 18:59:02","150","2024-02-29 18:59:02"
"000001","150","1","10","20220901","20230930",設備修繕PFプロジェクト,機能追加,概要設計書、詳細設計書、単体テスト仕様書、結合テスト仕様書、総合テスト仕様書の作成,"3","JAVA,HTML,CSS,TypeScript","","",PostgreSQL,"","",Windows,"","","005","1","0","0","0","0","0","0","0","150","2024-02-29 18:59:02","150","2024-02-29 18:59:02"
"000001","150","1","11","20231001","20240301",三菱ケミカル様Notes移行,現行NotesアプリケーションをMicrosoft365/PowerPlatformへ移行する。,要件定義、概要設計書、詳細設計書、コーディング,"4","Sharepoint,PowerApps,PowerAutomate","","","","","",Windows,"","","003","0","0","0","0","1","1","1","0","150","2024-02-29 18:59:02","150","2024-02-29 18:59:02"
"000001","151",Fujitsu,"01","20180101","20181031",電力会社設備管理システム,電力会社設備管理システム開発,コーディング,"10",JAVA,"","",ORACLE,"","",Windows,"","","005","1","1","1","0","0","0","0","0","151","2024-04-24 09:57:20","151","2024-04-24 09:57:20"
"000001","151",Fujitsu,"02","20190301","20190601",保険プロジェクトCT1システム,保険プロジェクトCT1システムテスト,単体テスト、結合テスト,"10",C#,"","",Oracle,"","",Windows,"","","005","1","1","1","1","0","0","1","0","151","2024-04-24 09:57:20","151","2024-04-24 09:57:20"
"000001","151",Fujitsu,"03","20190701","20190901",百貨店在庫・発注管理システム,百貨店在庫・発注管理システム開発,詳細設計、コーディング、単体テスト、結合テスト,"10",JAVA,"","",ORCALE,"","",Windows,"","","005","1","1","0","0","0","0","1","0","151","2024-04-24 09:57:20","151","2024-04-24 09:57:20"
"000001","151",Fujitsu,"04","20191001","20201201",金融営業支援システム,金融営業支援システム開発,詳細設計、コーディング、単体テスト、結合テスト,"10",JAVA,"","",SQL Server,"","",Windows,"","","005","1","1","0","0","0","0","1","0","151","2024-04-24 09:57:20","151","2024-04-24 09:57:20"
"000001","151",Fujitsu,"05","20210101","20210401",電子交換所システム,電子交換所システム開発,詳細設計、コーディング、単体テスト,"10",JAVA,"","",ORCALE,"","",Windows,"","","005","1","1","0","0","0","1","1","0","151","2024-04-24 09:57:20","151","2024-04-24 09:57:20"
"000001","151",Fujitsu,"06","20210501","20210601",日本探屋システム,日本探屋システム開発,詳細設計、コーディング、単体テスト,"5",JAVA,"","",MySQL,"","",Windows,"","","005","1","1","0","0","0","1","1","0","151","2024-04-24 09:57:20","151","2024-04-24 09:57:20"
"000001","151",Fujitsu,"07","20210601","20210701",クラウドメニュー_中華料理（老上海）,クラウドメニュー開発,詳細設計、コーディング、単体テスト,"10",C#,"","",MySQL,"","",Windows,"","","005","1","1","0","0","0","1","1","0","151","2024-04-24 09:57:20","151","2024-04-24 09:57:20"
"000001","151",Fujitsu,"08","20210701","20210801",社内システム,社内システム開発,詳細設計、コーディング、単体テスト,"10",vue.js JAVA,"","",MySQL,"","",Windows,"","","005","1","1","0","0","0","1","1","0","151","2024-04-24 09:57:20","151","2024-04-24 09:57:20"
"000001","151",Fujitsu,"09","20210801","20220801",電子手形交換システム,電子手形交換システム開発,詳細設計、コーディング、単体テスト,"6",JAVA,"","",HirDB,"","",Windows,"","","005","1","1","0","0","0","1","1","0","151","2024-04-24 09:57:20","151","2024-04-24 09:57:20"
"000001","151",Fujitsu,"10","20220801","20230901",新請求システム,新請求システム開発,基本設計、詳細設計、コーディング 、単体テスト、,"5",java、vue.js,"","",PostgreSQL,"","",windows,"","","005","1","0","0","0","0","1","1","0","151","2024-04-24 09:57:20","151","2024-04-24 09:57:20"
"000001","151",Fujitsu,"11","20231001","20240430",企ソ本システム,システム再構築,基本設計、詳細設計、コーディング,"10",WebPerformer、JavaScript,"","",PostgreSQL,"","",Windows,"","","005","1","0","0","0","1","1","1","0","151","2024-04-24 09:57:20","151","2024-04-24 09:57:20"
"000001","161","2.0","01","20101001","20110401",事業管理システム,独立行政法人の事業管理システムの構築,新規画面作成,"5",JAVA,"","",Oracle,"","",Windows,"","","005","1","1","1","1","0","0","1","0","161","2023-05-19 16:26:47","161","2023-05-19 16:26:47"
"000001","161","2.0","02","20110701","20111001",POSレジデータ移行,小売業の新システム構築に伴うデータ移行,データ移行バッチの作成。客先での結合、総合テストの支援,"10",PL/SQL,"","",Oracle,"","",Windows,"","","004","1","1","0","0","0","0","1","0","161","2023-05-19 16:26:47","161","2023-05-19 16:26:47"
"000001","161","2.0","03","20111101","20120201",発注業務システム,発注系システムのパッケージ化,パッケージの開発-総合テストを担当。客先でのレビュー、テスト支援,"5",JAVA,"","",SQLServer,"","",Windows,"","","004","1","1","1","0","0","0","1","0","161","2023-05-19 16:26:47","161","2023-05-19 16:26:47"
"000001","161","2.0","04","20120301","20121001",大手小売業のシステム移行と機能追加,インターフェース設計と取り込み処理設計,詳細設計、一部プログラム構築。客先での結合テスト支援,"15",JAVA PL/SQL,"","",Oracle,"","",Windows,"","","004","1","0","0","0","0","0","1","0","161","2023-05-19 16:26:47","161","2023-05-19 16:26:47"
"000001","161","2.0","05","20121101","20130501",電気通信事業契約システム,契約関連画面の作成,画面作成、バグ修正等。客先での作業、テスト支援、移行データ作成,"3",JAVA,"","",Oracle,"","",Windows,"","","004","1","1","0","0","0","1","1","0","161","2023-05-19 16:26:47","161","2023-05-19 16:26:47"
"000001","161","2.0","06","20130601","20140601",タイヤ出荷システム,出荷システムの保守と運用,ユーザーの要望対応と定期保守作業,"8",C#,"","",Oracle,"","",Windows,"","","003","0","0","0","0","0","0","0","0","161","2023-05-19 16:26:47","161","2023-05-19 16:26:47"
"000001","161","2.0","07","20140701","20150301",購買管理システム,印刷業の購買管理システムの構築,画面設計、プログラム構築、テストを担当。,"15",.NET,"","",Oracle,"","",Windows,"","","005","1","0","0","0","0","1","1","0","161","2023-05-19 16:26:47","161","2023-05-19 16:26:47"
"000001","161","2.0","08","20101001","20110401",事業情報システム,独立行政法人の事業管理システムの構築,新規画面作成を担当,"5",JAVA,"","",Oracle,"","",Windows,"","","005","1","1","1","0","0","1","1","0","161","2023-05-19 16:26:47","161","2023-05-19 16:26:47"
"000001","161","2.0","09","20110701","20111001",POSレジデータ移行,小売業の新システム構築に伴うデータ移行,データ移行バッチの作成。客先での結合、総合テストの支援を担当。,"10",PL/SQL,"","",Oracle,"","",Windows,"","","004","1","1","0","0","0","0","1","0","161","2023-05-19 16:26:47","161","2023-05-19 16:26:47"
"000001","161","2.0","10","20111101","20120201",発注業務システム,発注系システムのパッケージ化,パッケージの開発-総合テストを担当。客先でのレビュー、テスト支援を実施。,"5",JAVA,"","",SQLServer,"","",Windows,"","","004","1","1","1","0","0","0","1","0","161","2023-05-19 16:26:47","161","2023-05-19 16:26:47"
"000001","161","2.0","11","20120301","20121001",大手小売業のシステム移行と機能追加,インターフェース設計と取り込み処理設計,詳細設計、一部プログラム構築。客先での結合テスト支援を担当。,"15",JAVA PL/SQL,"","",Oracle,"","",Windows,"","","004","1","0","0","0","0","0","1","0","161","2023-05-19 16:26:47","161","2023-05-19 16:26:47"
"000001","161","2.0","12","20121101","20130501",電気通信事業契約システム,契約関連画面の作成,画面作成、バグ修正等。客先での作業、テスト支援、移行データ作成を担当。,"3",JAVA,"","",Oracle,"","",Windows,"","","004","1","1","0","0","0","1","1","0","161","2023-05-19 16:26:47","161","2023-05-19 16:26:47"
"000001","161","2.0","13","20130601","20140601",タイヤ出荷システム,出荷システムの保守と運用,ユーザーの要望対応と定期保守作業。,"8",C#,"","",Oracle,"","",Windows,"","","003","0","0","0","0","0","0","0","0","161","2023-05-19 16:26:47","161","2023-05-19 16:26:47"
"000001","161","2.0","14","20140701","20150301",購買管理システム,印刷業の購買管理システムの構築,画面設計、プログラム構築、テストを担当。,"15",.NET,"","",Oracle,"","",Windows,"","","005","1","0","0","0","0","1","1","0","161","2023-05-19 16:26:47","161","2023-05-19 16:26:47"
"000001","161","2.0","15","20150401","20170901",営業情報システム,医薬品卸業の営業支援システムの構築、運用を担当,社内SEとして全行程を経験,"10",.NET,"","",Oracle,"","",Windows,"","","003","0","0","0","0","0","0","0","0","161","2023-05-19 16:26:47","161","2023-05-19 16:26:47"
"000001","161","2.0","16","20170401","20180901",営業情報システム,医薬品卸の営業支援システムの構築、運用,大規模プロジェクトの構築を担当,"15",.NET,"","",Oracle,"","",Windows,"","","001","0","0","0","0","0","0","0","0","161","2023-05-19 16:26:47","161","2023-05-19 16:26:47"
"000001","161","2.0","17","20181001","20190301",物流系基幹システム,基幹システムのRFP作成,基幹システム刷新に伴う、RFP作成作業の主担当,"15","","","","","","",Windows,"","","","0","1","1","1","1","1","1","0","161","2023-05-19 16:26:47","161","2023-05-19 16:26:47"
"000001","161","2.0","18","20190401","20190801",グループウェア導入,"10社以上のグループ会社へのグループウェアの導入",PMを担当,"10","","","","","","",Windows,"","","","0","0","1","1","1","0","0","0","161","2023-05-19 16:26:47","161","2023-05-19 16:26:47"
"000001","161","2.0","19","20190901","20230331",配送システム,配送システムの保守と運用,PLを担当,"10",Java vue.js,"","",Oracle MariaDB,"","",Windows Linux,"","","001","0","0","0","0","0","0","0","0","161","2023-05-19 16:26:47","161","2023-05-19 16:26:47"
"000001","161","2.0","20","20220701","20230331",請求管理システム,新しい請求管理システムの構築,自社担当分機能のリーダー,"10",vue.js、Java,"","",mariaDB,"","",linux,"","","002","0","0","0","0","0","0","0","0","161","2023-05-19 16:26:47","161","2023-05-19 16:26:47"
"000001","165","1","01","20100701","20130701",中国重慶電信デスクトップ級の運営・メンテナンスプロジェクト,"社内のパソコン、ペリフェラル管理、保守、OS構築（windowsXP windows7）および各ハードウエアのパーツ選定など、社内の無線ラン(TP-link,D-link)構築、調整、社内イントラネット/WLAN構築、調整（H3C） 　　　　　　　　　　　　　　　　　　　　　技術内容：　　　　　　　　　　　　　　 　TCP/IPの基礎　　　　　　　　　　　　　　 VLAN、DHCP、PPPOE、NAT、STP、VRRP関連　　",各設備の選定、現場で取り付ける調整など自分で担当してきた。日常のトラブルが起こしたとき現場で調査、分析と解決自分で担当してきた,"1","","","","","","",Windows,"","","003","1","1","0","1","0","0","0","0","165","2022-08-29 16:18:07","165","2022-08-29 16:18:07"
"000001","165","1","02","20130801","20180401",中国重慶電信サーバーのハードウエアの運営・メンテナンスプロジェクト,"　社内のIBM、HP、dell、Huawei、Lenovo各サーバーハードウエアの管理、選定、調整、故障の解決、OSの構築（window2003 windows2008 windows2012 Redhat5 CentOS5）,技術内容：windows FTPファイル共有service,linux SMBファイル共有service,linux NFSファイル共有service,windows ADservice,windows DNS service,ユーザーID権限管理,ファイル権限管理",重慶電信IDCセンターでサーバーのハードウエアに起こしたトラブルは自分一人で調査から完全解決までやってきました　　　　　　　ついでにwindows serverOS（2003 2008 2012）、linux（CentOS5 Red Hat5）構築、ファイル共有、AD域、DNSのservice配置、調整と管理,"4","","","","","","",Windows,CenterOS,Red hat linux,"003","1","1","0","1","0","0","0","0","165","2022-08-29 16:18:07","165","2022-08-29 16:18:07"
"000001","165","1","03","20130801","20150831",中国重慶移動VMware仮想化の運営・メンテナンスプロジェクト,重慶移動ＶＭ仮想化EXSI物理サーバーの管理、構築、トラブルの解決　　　　　　　　　 各仮想化マシンのOS構築、運用、調整など　各ハードウエア資源の管理、運用,重慶移動IDCセンターでＶＭware仮想化に起こしたトラブルは自分一人で調査から完全解決までやってきました　　　　　　　　　　　　ついでにwindows serverOS（2008）、linux（CentOS6 Red Hat6）構築　,"4","","","","","","",Windows,linux,VMware,"003","1","1","0","1","0","0","0","0","165","2022-08-29 16:18:07","165","2022-08-29 16:18:07"
"000001","165","1","04","20130501","20150331",重慶七天ホテルWIFI構築プロジェクト,WIFIネットの構築、調整、運用および物理層の施工参加,無線ラン信号はホテルをカバーするためにに無線ラン信号機とH3Cswitch、HuweiRouterを取り付けるから信号機、SwitchとRouterの調整、運用までやってきました,"4","","","","","","",Windows,"","","003","1","1","0","1","0","0","0","0","165","2022-08-29 16:18:07","165","2022-08-29 16:18:07"
"000001","165","1","05","20190101","20190630",MDTサーバ構築プロジェクト,ある大手会社の社内システム自動展開サービス,Windows 2016のMDTサービスの構築から本番リリースまでの一連対応,"2","","","","","","",Windows,"","","003","1","1","0","1","0","0","0","0","165","2022-08-29 16:18:07","165","2022-08-29 16:18:07"
"000001","165","1","06","20200101","20210430",Azure環境のJP１サーバ構築、維持保守,JP1BaseとJP1AJSサーバの構築とADユーザデータの自動化関連作業,JP1の環境構築、ドキュメント作成とトラブル対応 Hi-PerBt帳票デザイン設定、機能設定 ADのユーザ関連作業自動化スクリプト作成、仕様書の作成と変更。,"4","","","","","","",Windows,"","","003","1","1","0","1","0","0","0","0","165","2022-08-29 16:18:07","165","2022-08-29 16:18:07"
"000001","165","1","07","20200430","20220831",日立ベアメタル運用、保守,データセンターのネットワーク機器、物理サーバ、VMware仮想マシンの運用作業,アラクサラのL3スイッチとL2スイッチの構築、設定変更、トラブル対応。物理サーバの構築、設定変更、トラブル対応。ＶＭwareの構築、設定変更、トラブル対応。Fortigate 100E/100Fの構築、設定変更、トラブル対応。,"7","","","","","","",Windows,linux,"","003","1","1","0","1","0","0","0","0","165","2022-08-29 16:18:07","165","2022-08-29 16:18:07"
"000001","168","1.0","01","20101201","20191201",社内業務システム,システム保守,テスト計画書に従い、テストを実施,"15",Delphi,C,"",ORACLE,"","",WINDOWS,"","","006","0","1","1","1","0","0","0","0","168","2022-08-31 21:52:03","168","2022-08-31 21:52:03"
"000001","168","1.0","02","20110202","20190701",先物・オプション取引ソフト,システム保守,①テスト計画書に従い、テストを実施 ②マニュアルの作成,"15",C++,"","",ORACLE,"","",WINDOWS,"","","006","1","1","1","1","0","0","0","0","168","2022-08-31 21:52:03","168","2022-08-31 21:52:03"
"000001","168","1.0","03","20110201","20190701",先物・オプション取引アプリ,システム保守,①テスト計画書に従い、テストを実施 ②マニュアルの作成,"15",Objective-C,JAVA,"",MｙSQL,"","",Android,iOS,"","006","1","1","1","1","0","0","0","0","168","2022-08-31 21:52:03","168","2022-08-31 21:52:03"
"000001","168","1.0","04","20200203","20200331",イントラシステム,システム保守,保守業務の工数を減らすためのシェルの製造からテストまで,"2",PowerShell,"","",SQLServer,"","",WINDOWS,"","","003","1","1","1","0","0","0","0","0","168","2022-08-31 21:52:03","168","2022-08-31 21:52:03"
"000001","168","1.0","05","20200302","20210630",収入審査システム,システムリプレース,◆インフラ ①基本設計書に基づき、詳細設計書・運用設計書・各種手順書の修正及び新規作成を行う ②システムの構築、テスト用チェックリストの作成及びテストの実施 ③システム運用上必要なバッチの改修及び製造 ④移行対象データの調査及び移行手順書・移行用ツールの作成 ◆業務 ①新規要件の基本・詳細設計 ②プロシージャの作成,"30",T-SQL,"","",SQLServer,"","",WINDOWS,Linux,"","003","0","0","0","0","0","0","0","0","168","2022-08-31 21:52:03","168","2022-08-31 21:52:03"
"000001","168","1.0","06","20210701","20210930",イントラシステム,自動化運用,①自動化対象の実装方式設計、シェルスクリプト仕様書の作成 ②既存シェルの改修及び自動化のための新規シェルの製造 ③テスト用チェックリストの作成及びチェックリストに基づく単体・結合・運用テストの実施,"2",PowerShell,"","",SQLServer,"","",WINDOWS,"","","003","1","0","0","0","0","0","0","0","168","2022-08-31 21:52:03","168","2022-08-31 21:52:03"
"000001","168","1.0","07","20211001","20220228",業務システム,システム保守,①業務部門からの問い合わせ対応　②業務部門の要望に応じて開発を行う　③既存のコードを最適化し、業務効率向上を図る,"8",T-SQL,"","",SQLServer,"","",WINDOWS,"","","003","0","0","0","0","0","0","0","0","168","2022-08-31 21:52:03","168","2022-08-31 21:52:03"
"000001","168","1.0","08","20220301","20220831",加入者情報システム,システム保守,①利用者からの問い合わせ対応　②利用者の要望に応じて開発を行う,"8",shell,VBA,SQL,ORACLE,"","",AIX,Linux,"","003","0","0","0","0","0","0","0","0","168","2022-08-31 21:52:03","168","2022-08-31 21:52:03"
"000001","171","1.0","01","20170901","20180301",腾讯校院（食堂）システム開発,新規食堂システム開発,画面開発、テスト,"10",JAVA,"","",ORACLE,"","",Windows,"","","005","1","1","1","0","0","1","1","0","171","2023-04-17 13:34:37","171","2023-04-17 13:34:37"
"000001","171","1.0","02","20180401","20180601",ファイル管理システム設計,新規ファイル管理システム開発,画面開発、テスト,"10",JAVA,"","",ORACLE,"","",Windows,"","","005","1","1","1","0","0","0","1","0","171","2023-04-17 13:34:37","171","2023-04-17 13:34:37"
"000001","171","1.0","03","20180701","20180901",コンテストウェブサイト開発,新規コンテストウェブサイト開発,画面開発、テスト,"8",JAVA,"","",ORACLE,"","",Windows,"","","005","1","1","1","0","0","1","1","0","171","2023-04-17 13:34:37","171","2023-04-17 13:34:37"
"000001","171","1.0","04","20181001","20181201",教育资源ウェブサイト開発,新規ファイル教育システム開発,画面開発、テスト,"10",JAVA,"","",ORACLE,"","",Windows,"","","005","1","1","0","0","0","0","1","0","171","2023-04-17 13:34:37","171","2023-04-17 13:34:37"
"000001","171","1.0","05","20190101","20200601",ＥＴＡＩＧＡＩ保守,既存銀行システムの拡張機能開発,画面開発、テスト,"10",C,"","",SQL Server,"","",Linux,"","","005","1","1","1","0","0","1","1","0","171","2023-04-17 13:34:37","171","2023-04-17 13:34:37"
"000001","171","1.0","06","20200701","20201201",スマホアプリ開発,新規システム提案・開発,画面開発、テスト,"8",Xamarin Node.js AngularJS PHP,"","",Windows Linux,"","",MariaDB,"","","005","1","1","1","0","0","0","0","0","171","2023-04-17 13:34:37","171","2023-04-17 13:34:37"
"000001","171","1.0","07","20210101","20210901",ウェブ開発,cloudmenu開発,画面開発、テスト,"8",Vue.js Java,"","",My Sql,"","",Windows Linux,"","","005","1","1","1","0","0","0","0","0","171","2023-04-17 13:34:37","171","2023-04-17 13:34:37"
"000001","171","1.0","08","20211001","20230401",ウェブ開発,BBSシステム基盤開発,画面開発、テスト,"8",Blazor Java,"","",My Sql,"","",Windows Linux,"","","005","1","1","1","0","0","0","0","0","171","2023-04-17 13:34:37","171","2023-04-17 13:34:37"
"000001","175","1.0","01","19820801","19860901",金融系パッケージ開発導入プロジェクト,パッケージ開発とカスタマイズ導入,開発メンバー,"10",COBOL,"","",富士通NDB,"","",富士通汎用機 OSIVF4/X8/F2,"","","005","0","0","0","0","0","0","0","0","175","2023-04-17 13:51:04","175","2023-04-17 13:51:04"
"000001","175","1.0","02","19861201","20040801",旧都市銀行のバックオフィスシステム,業務リーダー～全体マネージャー,※外貨資金、相場、常任代理人など,"50",COBOL,"","",富士通NDB,"","",富士通汎用機 OSIVMSP,"","","","0","0","0","0","0","0","0","0","175","2023-04-17 13:51:04","175","2023-04-17 13:51:04"
"000001","175","1.0","03","20040901","20190301",特定の担当システムなし,社内品質保証部門の制度構築、PM推進、PRJ監査,マネージャーとして業務推進、現場指導,"40","","","","","","","","","","","1","1","1","1","1","1","1","0","175","2023-04-17 13:51:04","175","2023-04-17 13:51:04"
"000001","175","1.0","04","20200601","20210301",大東建託協力会システム,大東建託協力会の社員、協力業者向け情報共有、福利厚生システムの機能追加対応,要件定義、設計（基本・詳細）、テスト実施・検証,"10",Xamarin Node.js AngularJS PHP,"","",MariaDB,"","",Windows Linux,"","","003","0","0","0","1","1","0","0","0","175","2023-04-17 13:51:04","175","2023-04-17 13:51:04"
"000001","175","1.0","05","20210401","20210701",クラウドメニュー,飲食店向け商品注文・会計クラウドサービスの開発,要件定義、設計（基本・詳細）,"10",vue.js Java Spring,"","",MariaDB,"","",Windows Linux,"","","003","0","0","0","1","1","1","1","0","175","2023-04-17 13:51:04","175","2023-04-17 13:51:04"
"000001","176","20220825","01","20200501","20200630",某銀行社内システム,運用自動化に対するシステムの更新,スクリプトの作成及びテスト　運用保守,"3",Powershell,VBA,"",Oracle,"","",windows,"","","","1","1","1","0","0","0","1","0","176","2022-08-25 22:14:16","176","2022-08-25 22:14:16"
"000001","176","20220825","02","20201001","20201130",年金システム,申請／回答データ自動連携システム,仕様書の編集　シェルの作成　結合テスト,"6",Powershell,"","",SQLServer,"","",Windows,"","","","1","1","0","0","1","0","1","0","176","2022-08-25 22:14:16","176","2022-08-25 22:14:16"
"000001","176","20220825","03","20210101","20220430",郵便社内システム,社内事業共通システムの移行,処理方式設計書の編集　パラメータの設計　申請書の作成　環境構築手順の編集　環境構築　システム間統合テスト　運用保守,"4",MasterInfinity,Asteria,JP1,PostgreSQL,"","",Linux,"","","","1","0","0","0","0","0","0","0","176","2022-08-25 22:14:16","176","2022-08-25 22:14:16"
"000001","176","20220825","04","20220101","20231231",郵便社内システム,社内事業管理システムの移行,実現可能性調査　処理方式設計書の編集　パラメータの設計　申請書の作成　環境構築手順の編集　環境構築　システム間統合テスト　運用保守,"5",WebLogic,Cosminexus,JP1,Oracle,"","",Linux,"","","","0","0","0","0","0","0","0","0","176","2022-08-25 22:14:16","176","2022-08-25 22:14:16"
"000001","177","1.0","01","20200601","20200901",VBSパワーシェル移行作業,VBSで書かれたソースをパワーシェルに,パワーシェル制作、テスト実施,"2",shellscript,"","",SQLserver,"","",Linux,"","","005","1","1","1","0","0","1","1","0","177","2023-05-01 09:27:11","177","2023-05-01 09:27:11"
"000001","177","1.0","02","20200901","20201201",シェル制作,複数シェルの制作,シェル制作、テスト実施,"3",shellscript,"","",Oracle,"","",Linux,"","","005","1","1","1","0","0","1","1","0","177","2023-05-01 09:27:11","177","2023-05-01 09:27:11"
"000001","177","1.0","03","20210101","20210301",次期証券代行システム高度化対応,次期証券代行システムの高度化対応,シェル移行作業、差分比較作成、PCL作成,"10",shellscript,"","",Oracle,"","",Linux,"","","005","1","1","1","0","0","1","1","0","177","2023-05-01 09:27:11","177","2023-05-01 09:27:11"
"000001","177","1.0","04","20210401","20210801",顧客管理システム改修,課題の改修対応を行う,ソース作成、ソース改修、テスト,"20",Java,"","",Oracle,"","","Windows,Linux","","","005","1","1","1","0","0","0","1","0","177","2023-05-01 09:27:11","177","2023-05-01 09:27:11"
"000001","177","1.0","05","20210901","20211101","Webシステム開発,スマホアプリ開発",新規システムの提案と開発,基本設計、詳細設計、結合テスト、単体テスト,"4",xamarin nodejs php AngularJS,"","",MariaDB,"","","Windows, Android,iOS","","","005","1","0","0","1","0","0","1","0","177","2023-05-01 09:27:11","177","2023-05-01 09:27:11"
"000001","177","1.0","06","20211101","20220401",社内管理システム制作,社内管理システムの制作,ソース作成、ソース改修、結合テスト、単体テスト,"3",Java,"","",Oracle,"","","Windows,Linux","","","005","1","1","1","0","0","0","1","0","177","2023-05-01 09:27:11","177","2023-05-01 09:27:11"
"000001","177","1.0","07","20220501","20230301","Webシステム開発,スマホアプリ開発",新規システムの提案と開発,基本設計、詳細設計、結合テスト、単体テスト,"4",xamarin nodejs php AngularJS,"","",MariaDB,"","","Windows, Android,iOS","","","005","1","1","1","1","0","0","1","0","177","2023-05-01 09:27:11","177","2023-05-01 09:27:11"
"000001","182","1.0","01","20040401","20041001",奨学金サブシステム,プログラム作成、テストを担当,プログラム作成、テストを担当,"5",JAVA,"","",-,"","",DOS/V,"","","005","1","1","1","0","0","1","1","0","182","2024-07-11 12:40:20","182","2024-07-11 12:40:20"
"000001","182","1.0","02","20041101","20050201",債権債務システム,会計の債権債務システムの開発作業,プログラム作成、テストを担当,"10",JAVA,"","",-,"","",DOS/V,"","","005","1","1","1","1","0","0","1","0","182","2024-07-11 12:40:20","182","2024-07-11 12:40:20"
"000001","182","1.0","03","20050301","20050901",物流システム,購入の物流システムの開発作業,プログラム作成、テストを担当,"5",COBOL,"","",-,"","",OSⅣ／XSP,"","","005","1","1","1","0","0","1","1","0","182","2024-07-11 12:40:20","182","2024-07-11 12:40:20"
"000001","182","1.0","04","20051001","20060201",水道業システム,開発作業,画面作成、バグ修正等。客先での作業、テスト支援,"10",JAVA,"","",-,"","",Windows,"","","005","1","1","1","0","0","1","1","0","182","2024-07-11 12:40:20","182","2024-07-11 12:40:20"
"000001","182","1.0","05","20060301","20060401",物流システム,開発作業,プログラム作成、テストを担当,"5",PL/SQL,"","",Oracle,"","",Windows,"","","005","1","1","1","0","0","1","1","0","182","2024-07-11 12:40:20","182","2024-07-11 12:40:20"
"000001","182","1.0","06","20060501","20071101",物流センタシステム,自動倉庫システムの新規構築,社内SEとして全行程を経験,"15",Java .NET,"","",SQLServer,"","",Windows,"","","003","0","0","0","0","0","0","0","0","182","2024-07-11 12:40:20","182","2024-07-11 12:40:20"
"000001","182","1.0","07","20071201","20080601",人労システム,開発作業,プログラム作成、バグ修正等。客先での作業、テスト支援,"10",COBOL,"","",-,"","",MSP/EX,"","","005","1","1","1","0","0","1","1","0","182","2024-07-11 12:40:20","182","2024-07-11 12:40:20"
"000001","182","1.0","08","20080701","20090101",医療システム,医療パッケージの導入、開発作業,ユーザーの要望対応、部門連係のIFの構築,"20",COBOL,"","",symfoware,"","",Solaris,"","","003","0","0","0","0","0","0","0","0","182","2024-07-11 12:40:20","182","2024-07-11 12:40:20"
"000001","182","1.0","09","20090201","20090201",固定資産システム,固定資産システムの開発作業,バグ修正等,"5",COBOL,"","",ー,"","",Windows,"","","005","1","1","1","0","0","1","1","0","182","2024-07-11 12:40:20","182","2024-07-11 12:40:20"
"000001","182","1.0","10","20090901","20200401",医療システム,地域連携パッケージの開発作業・新規PKG構築,常駐、全行程を経験,"10","","","","","","","","","","003","0","0","0","0","0","0","0","0","182","2024-07-11 12:40:20","182","2024-07-11 12:40:20"
"000001","182","1.0","11","20200601","20210801",電子手形交換システム(手形交換所),開発作業,常駐、基本設計から結合テストを担当,"10",JAVA,"","",HiRDB,"","",Windows,"","","003","1","0","0","0","0","0","1","0","182","2024-07-11 12:40:20","182","2024-07-11 12:40:20"
"000001","182","1.0","12","20210901","20230301",電子手形交換システム(PKG),開発作業,常駐、基本設計から結合テストを担当,"15",JAVA,"","",HiRDB,"","",Windows,"","","003","1","1","0","0","0","0","1","0","182","2024-07-11 12:40:20","182","2024-07-11 12:40:20"
"000001","182","1.0","13","20230401","20240701",大東建託DXシステム,施工管理支援,要件定義～運用テスト,"10",react,"","",mySql,"","",Linux,"","","001","0","0","0","1","1","0","0","0","182","2024-07-11 12:40:20","182","2024-07-11 12:40:20"
"000001","186","1.0","01","20151001","20160501",給与会計システム,給与会計システムの導入,顧客との要件打合せ＆社内ＰＬ作業,"5",VB ASP.NET,"","",Oracle,"","",Windows,"","","001","0","0","1","1","1","1","1","0","186","2023-04-21 15:46:30","186","2023-04-21 15:46:30"
"000001","186","1.0","02","20160401","20160901",予算システム,予算システムの開発,ＳＥ作業と他メンバーへのレビュー＆教育,"8",Java,"","",PostgreSQL,"","",Windows,"","","003","1","1","0","0","0","0","1","0","186","2023-04-21 15:46:30","186","2023-04-21 15:46:30"
"000001","186","1.0","03","20161001","20170301",基幹システム,IIS基幹システムの開発,現行機能調査、新システムの開発設計,"4",Java,"","","","","",Windows,"","","003","0","0","1","1","1","1","1","0","186","2023-04-21 15:46:30","186","2023-04-21 15:46:30"
"000001","186","1.0","04","20170401","20170601",原価管理システム,原価管理システムの要件定義,顧客との要件打合せ,"2",Java,"","","","","",Windows,"","","003","0","0","1","1","1","1","1","0","186","2023-04-21 15:46:30","186","2023-04-21 15:46:30"
"000001","186","1.0","05","20170701","20171001",購買システム導入,購買システムパッケージの導入＆改修,ＳＥ作業と他メンバーへのレビュー＆教育,"2",Java,"","",Oracle,"","",Windows,"","","003","0","0","0","0","0","1","1","0","186","2023-04-21 15:46:30","186","2023-04-21 15:46:30"
"000001","186","1.0","06","20171001","20180501",物流システムバージョンアップ,システムのバージョンアップ＆改修,システム構築全体を管理・調整,"3",VB,"","",SQLServer,"","",Windows,"","","","0","0","0","0","0","0","0","0","186","2023-04-21 15:46:30","186","2023-04-21 15:46:30"
"000001","186","1.0","07","20171201","20180101",購買システム,購買システム改修,最難PG改修担当（下記PJと並行）,"8",Java,"","",Oracle,"","",Windows,"","","005","1","1","0","0","0","1","1","0","186","2023-04-21 15:46:30","186","2023-04-21 15:46:30"
"000001","186","1.0","08","20180301","20180301",予算システム,予算システムの改修,SEリーダーとして他メンバーへのレビュー＆教育,"3",Java,"","",Oracle,"","",Windows,"","","003","0","0","0","0","0","1","1","0","186","2023-04-21 15:46:30","186","2023-04-21 15:46:30"
"000001","186","1.0","09","20190401","20190901",給与会計システム,システムのバージョンアップ,進捗管理＆レビュー＆教育,"8",VB ASP.NET,"","",PostgreSQL Oracle,"","",Windows,"","","001","0","0","0","0","0","0","1","0","186","2023-04-21 15:46:30","186","2023-04-21 15:46:30"
"000001","186","1.0","10","20191001","20200101",給与会計システム,システムの改修,進捗管理＆レビュー＆教育,"2",VB ASP.NET,"","",Oracle,"","",Windows,"","","001","0","0","0","0","0","0","1","0","186","2023-04-21 15:59:21","186","2023-04-21 15:59:21"
"000001","186","1.0","11","20200201","20200701",ＢＯＭ（部品表）システム,システムの再構築,基本設計および次工程への調整まで担当,"3",VB ASP.NET,"","",Oracle,"","",Windows,"","","003","0","0","1","1","1","1","1","0","186","2023-04-21 15:59:21","186","2023-04-21 15:59:21"
"000001","186","1.0","12","20200801","20210301",スマホアプリ＆HP開発,新規システム提案・開発,要件整理・設計・全体進捗管理・保守対応,"10",Xamarin Node.js AngularJS PHP,"","",MariaDB,"","",Windows Linux,"","","001","0","0","0","1","1","0","0","0","186","2023-04-21 15:59:21","186","2023-04-21 15:59:21"
"000001","186","1.0","13","20210401","20210801",Webシステム開発,新規システム提案・開発,顧客との要件＆設計＆全体管理,"7",Veu.js JAVA,"","",MySQL,"","",Windows Linux,"","","001","0","0","0","1","1","0","0","0","186","2023-04-21 15:59:21","186","2023-04-21 15:59:21"
"000001","186","1.0","14","20210801","20210801",社内用Webシステム開発,新規システム開発,要件定義＆設計＆全体管理,"4",Veu.js JAVA,"","",MySQL,"","",Windows Linux,"","","001","0","0","1","1","1","1","1","0","186","2023-04-21 15:59:21","186","2023-04-21 15:59:21"
"000001","186","1.0","15","20210901","20210901",自動生成ツール作成,設計書から画面を自動生成するツールの開発,要件定義＆全体管理,"4",Blazor JAVA,"","","","","",Windows,"","","001","0","0","1","1","1","1","1","0","186","2023-04-21 15:59:21","186","2023-04-21 15:59:21"
"000001","197","1.0","01","20070501","20090901",電子機器,医療用電子機器,RF通信電子機器,"0",MS51 ASM C,"","","","","",Linux uCOS,"","","005","1","1","1","0","0","0","1","0","197","2023-04-21 16:20:25","197","2023-04-21 16:20:25"
"000001","197","1.0","02","20121001","20121101",e-ink電子リーダー,Android TV BOX,linux driver開発 linux kernel開発 Android システム 開発,"0",C/C++ SHELL JAVA,"","","","","",Linux,"","","001","1","1","1","0","0","0","0","0","197","2023-04-21 16:20:25","197","2023-04-21 16:20:25"
"000001","198","1.0","01","20110801","20111101",発注システム,システム改修,詳細設計書の作成、製造、単体テストの実施まで,"2",VB.NET,"","",SQLServer,"","",Windows,"","","005","1","1","0","0","0","1","1","0","198","2023-05-15 15:48:54","198","2023-05-15 15:48:54"
"000001","198","1.0","02","20111201","20120301",販売管理システム,新規システム開発,詳細設計書の作成、製造、単体テストの実施まで,"10",Java,"","",Oracle,"","",Windows,"","","005","1","1","0","0","0","1","1","0","198","2023-05-15 15:48:54","198","2023-05-15 15:48:54"
"000001","198","1.0","03","20120401","20130101",購買システム,新規システム開発,詳細設計書の作成、製造、単体テストの実施まで,"6",Java,"","",Oracle,"","",Windows,"","","005","1","1","0","0","0","1","1","0","198","2023-05-15 15:48:54","198","2023-05-15 15:48:54"
"000001","198","1.0","04","20130201","20180401",医療システム,PKG開発（タブレット向け）,依頼元との要件打合せ、基本・詳細設計書の作成 　　　　、製造、単体テストの実施、結合テストの実施まで,"5",Java Javascript JSP XML,"","",PostgreSQL Oracle,"","",Windows,"","","003","0","0","0","0","0","0","1","0","198","2023-05-15 15:48:54","198","2023-05-15 15:48:54"
"000001","198","1.0","05","20180501","20191201",人事システム,新規システム開発,主にメンバーの進捗管理、お客様との要件打合せ 　　　　～詳細設計書作成まで。合間に製造やテストを実施,"10",Java Javascript html,"","",SQLServer,"","",Windows,"","","001","0","0","0","0","0","0","0","0","198","2023-05-15 15:48:54","198","2023-05-15 15:48:54"
"000001","198","1.0","06","20200101","20210301",受発注システム,新規システム開発,主にメンバーの進捗管理、お客様との要件打合せ 　　　　～詳細設計書作成まで。合間に製造やテストを実施,"10",Java Javascript html,"","",SQLServer,"","",Windows,"","","001","0","0","0","0","0","0","1","0","198","2023-05-15 15:48:54","198","2023-05-15 15:48:54"
"000001","198","1.0","07","20210401","20230501",保険サービスシステム,システム開発、保守,要件・調査～結合テストの実施まで。メンバーの 　　　　　作業管理や環境構築、資源管理等も実施,"7",Visual C++ ASP.NET,"","",HiRDB,"","",Windows,"","","003","0","0","0","0","0","0","1","0","198","2023-05-15 15:48:54","198","2023-05-15 15:48:54"
"000001","199",V1.0,"01","20050801","20100801",DMM金融プロジェクト　システムインフラ構築,本番/テスト/release/開発　最適環境構築 　　　windows/linuxインストール WEB：Apache/Tomcat　環境の構築  以下、他構築インフラ関連  　・負荷バランサー：heartbeat/LVS/ldirectord 　・ドメインサービス：DNS 　・LDAP 　・時間同期：NTP 　・ファイル関連サービス：FTP/Samba/NFS 　・リアルタイム監視：Nagios 　・仮想化：Vmware/Xen/KVM  　・データベース：MySQL　スループット  　・SHELLスクリプトによる操作自動化。 　・手順書の作成；  　教育を実施し単独で作業できるようにサポート。,本番/テスト/release/開発　最適環境構築 　　　windows/linuxインストール WEB：Apache/Tomcat　環境の構築  以下、他構築インフラ関連  　・負荷バランサー：heartbeat/LVS/ldirectord 　・ドメインサービス：DNS 　・LDAP 　・時間同期：NTP 　・ファイル関連サービス：FTP/Samba/NFS 　・リアルタイム監視：Nagios 　・仮想化：Vmware/Xen/KVM  　・データベース：MySQL　スループット  　・SHELLスクリプトによる操作自動化。 　・手順書の作成；  　教育を実施し単独で作業できるようにサポート。,"1000",日本語,"","",MySQL,"","",Windows,Linux,"","003","0","0","0","1","0","0","0","0","199","2022-08-15 00:49:01","199","2022-08-15 00:49:01"
"000001","199",V1.0,"02","20100801","20170801",Softbankプロジェクト　システムインフラ構築,本番/テスト　最適環境構築　/windows/linux　  WEB：Apache/Tomcat　環境の構築  以下、他構築インフラ関連 　・負荷バランサー：heartbeat/LVS/ldirectord 　・ドメインサービス：DNS 　・時間同期：NTP 　・ファイル関連サービス：FTP/NFS 　・リアルタイム監視：Zibbix 　・仮想化：Vmware/Xen/KVM  　・データベース：Oracleサーバー　スループット 　・Softwareプロジェクト実務のSHELLスクリプトによる 　　操作自動化機能、部署までJP1環境。 　・手順書の作成；  ・プロジェクトのメンバーに　linuxのトレーニング。,本番/テスト　最適環境構築　/windows/linux　  WEB：Apache/Tomcat　環境の構築  以下、他構築インフラ関連 　・負荷バランサー：heartbeat/LVS/ldirectord 　・ドメインサービス：DNS 　・時間同期：NTP 　・ファイル関連サービス：FTP/NFS 　・リアルタイム監視：Zibbix 　・仮想化：Vmware/Xen/KVM  　・データベース：Oracleサーバー　スループット 　・Softwareプロジェクト実務のSHELLスクリプトによる 　　操作自動化機能、部署までJP1環境。 　・手順書の作成；  ・プロジェクトのメンバーに　linuxのトレーニング。,"200",日本語,"","",Oracle,"","",Linux,Windows,"","003","0","1","1","1","0","0","0","0","199","2022-08-15 00:49:01","199","2022-08-15 00:49:01"
"000001","199",V1.0,"03","20181001","20190301",ビッグデータ解析システム,業務：ビッグデータを利用して、全社データ収集、分析、宝探ししながら、営業判断用資料を提供する。　,詳細設計、製造、単体テスト、データ移行,"100",日本語,"","",Oracle,"","",Linux,Windows,"","003","0","1","1","1","0","0","0","0","199","2022-08-15 00:49:01","199","2022-08-15 00:49:01"
"000001","199",V1.0,"04","20190401","20190501",NEC会社システムインフラ構築,本番/評価/開発環境構築 WEB：WebLogicアプリケーション,WEB：WebLogicアプリケーション Batバッチ処理自動化を編集することがあります お客様の要求によってSVNからコードを抽出します 手順書を書きます,"20",日本語,"","","","","",Windows,"","","003","0","1","1","1","0","0","0","0","199","2022-08-15 00:49:01","199","2022-08-15 00:49:01"
"000001","199",V1.0,"05","20190601","20200401",会社社内システムインフラ構築,本番/Staging/開発環境構築 クラウド：AWS構築と配置,本番/Staging/開発環境構築 クラウド：AWS構築と配置 「Amazon Elastic Computing Cloud」（Amazon EC2） 「Amazon Elastic Load Balancing」（Amazon ELB） AWS ロードバランサー構築と配置 WEB：Apache/WebSphere Application Serverアプリケーション Shellスクリプト処理自動化を編集することがあります ソフトウェア：Docker お客様の要求によって問題を解決します、手順書を書きます,"10",日本語,"","",Oracle,"","",LInux,"","","003","0","1","1","1","0","0","0","0","199","2022-08-15 00:49:01","199","2022-08-15 00:49:01"
"000001","199",V1.0,"06","20200501","20201101",会社社内システムインフラ構築,本番環境構築 クラウド：Azure構築と配置,本番環境構築 クラウド：Azure構築と配置 Virtual Machines スナップショット Bastion Azure ロードバランサー構築と配置 WEB：Nginx/GlassFishアプリケーション OS：システム配置 DB：Azure Database for MariaDB構築と配置 Shellスクリプト処理自動化を編集することがあります ソフトウェア：Docker お客様の要求によって問題を解決します、手順書を書きます,"20",日本語,"","",Oracle,"","",Linux,WIndows,"","003","0","1","1","1","0","0","0","0","199","2022-08-15 00:49:01","199","2022-08-15 00:49:01"
"000001","199",V1.0,"07","20201201","20210401",会社社内システムインフラ保守,テスト、結合、本番環境 WEB：日立Cosminexusアプリケーション OS：AIXシステム配置,テスト、結合、本番環境 WEB：日立Cosminexusアプリケーション OS：AIXシステム配置 DB：Oracleデータベースのメンテナンス Shellスクリプト処理自動化を編集することがあります お客様の要求によって問題を解決します、手順書を書きます,"200",日本語,"","",Oracle,"","",AIX,"","","003","0","1","1","1","0","0","0","0","199","2022-08-15 00:49:01","199","2022-08-15 00:49:01"
"000001","199",V1.0,"08","20210501","20210901",会社社内システムスクリプト開発,テスト、結合、本番環境 お客様の要求によって仮想化環境にPowerShellスクリプト処理自動化を編集することがあります、概要書を書きます。,テスト、結合、本番環境 お客様の要求によって仮想化環境にPowerShellスクリプト処理自動化を編集することがあります、概要書を書きます。最後はお客様の現場でスクリプトを検証します。,"10",日本語,"","",Oracle,"","",Linux,Windows,"","003","0","1","1","1","0","0","0","0","199","2022-08-15 00:49:01","199","2022-08-15 00:49:01"
"000001","199",V1.0,"09","20211001","20211001",野村証券会社システムインフラ構築,本番/開発環境構築 ① OS：環境設計書によってWindows2016/2019システム配置、テスト; ②ソフトウェア：容量管理とアクセス権ソフトウェアをインストール、配置、テスト； ③容量管理とアクセス権ソフトウェアの部店登録； お客様の要求によって問題を解決します、手順書を書きます。,本番/開発環境構築 ① OS：環境設計書によってWindows2016/2019システム配置、テスト; ②ソフトウェア：容量管理とアクセス権ソフトウェアをインストール、配置、テスト； ③容量管理とアクセス権ソフトウェアの部店登録； お客様の要求によって問題を解決します、手順書を書きます。,"50",日本語,"","","",Oracle,"",Windows,Linux,"","003","0","1","1","1","0","0","0","0","199","2022-08-15 00:49:01","199","2022-08-15 00:49:01"
"000001","202","1.0","01","20050901","20070401",ADK富士管理システム：見積サブシステム,建築現場部品の管理システム,詳細設計、製造、テスト、保守,"10",Java Swing,"","",Oracle,"","",Windows,"","","005","1","1","0","0","0","0","0","0","202","2024-03-29 13:54:38","202","2024-03-29 13:54:38"
"000001","202","1.0","02","20070501","20091201",大手業者商品販売情報システム,商品販売管理と運送業者連携システムの開発,詳細設計、製造、テスト、保守,"8",VB.NET ASP.NET,"","",SQLServer,"","",Windows,"","","005","1","1","0","0","0","0","0","0","202","2024-03-29 13:54:38","202","2024-03-29 13:54:38"
"000001","202","1.0","03","20100101","20100801",宮崎県監査情報管理システム,県内の施設登録、管理；監査実施、結果登録、管理,基本設計、詳細設計、製造、テスト,"5",C#.NET,"","",Oracle,"","",Windows,"","","003","1","0","0","0","0","0","1","0","202","2024-03-29 13:54:38","202","2024-03-29 13:54:38"
"000001","202","1.0","04","20100901","20110701",オートレース競技管理システム,測定器とのリアルタイム通信、結果計算、発表,基本設計、詳細設計、製造、テスト,"12",VB.NET TCP/UDP,"","",SQLServer,"","",Windows,"","","003","1","0","0","0","0","0","1","0","202","2024-03-29 13:54:38","202","2024-03-29 13:54:38"
"000001","202","1.0","05","20110801","20120501",国保中央連合会介護簡易入力,処遇改善加算、サービス種類の変更対応、ソフトウェア自動アップデート,基本設計、詳細設計、製造、テスト、中国チームの製造結果の受け入れ,"32",C#.NET,"","",SQLServer,"","",Windows,"","","","1","0","0","0","0","0","1","0","202","2024-03-29 13:54:38","202","2024-03-29 13:54:38"
"000001","202","1.0","06","20120601","20140801",ガス販売管理システム,商品情報管理、商品販売、会員情報管理,基本設計、詳細設計、製造、テスト、保守,"20",PL SQL,"","",Oracle,"","",Windows,"","","003","1","0","0","0","0","0","0","0","202","2024-03-29 13:54:38","202","2024-03-29 13:54:38"
"000001","202","1.0","07","20140901","20150501",電力系通信管理システム,電文通信（TCP/UDP/LTE）、電文暗号化・復号化、通信相手認証修,基本設計、詳細設計、製造、テスト,"10",JAVA,"","",Oracle,"","",Linux,"","","003","1","0","0","0","0","0","1","0","202","2024-03-29 13:54:38","202","2024-03-29 13:54:38"
"000001","202","1.0","08","20150601","20170101",倉庫管理システム,出庫、入庫、棚卸など改修,基本設計、詳細設計、製造、テスト,"8",C#.NET ASP.NET,"","",SQLServer,"","",Windows,"","","003","1","0","0","0","0","0","1","0","202","2024-03-29 13:54:38","202","2024-03-29 13:54:38"
"000001","202","1.0","09","20150601","20170101",タブレット在庫管理システム,Ipad向け商品管理,詳細設計、製造、テスト,"3",JavaScript Jquery,"","",localstorage,"","",Windows iPad,"","","003","1","1","0","0","0","0","1","0","202","2024-03-29 13:54:38","202","2024-03-29 13:54:38"
"000001","202","1.0","10","20170201","20181001",クレジットカードシステム,Y社のクレジットカードシステム,環境構築、基盤開発、ﾌﾚｰﾑﾜｰｸ改造、チーム管理、フィリピン開発センターとの連携,"6",JAVA INTARFRM,"","",Oracle,"","",Windows Linux,"","","001","0","0","0","0","0","0","1","0","202","2024-03-29 13:54:38","202","2024-03-29 13:54:38"
"000001","202","1.0","11","20181101","20210301",レンタルシステム,見積、受発注、出入庫、請求、入金、仕入など,基盤開発、設計、製造、チーム管理,"4",JAVA SpringBoot Vue,"","",PostgreSQL,"","",Windows Linux,"","","001","1","0","0","0","0","0","0","0","202","2024-03-29 13:54:38","202","2024-03-29 13:54:38"
"000001","202","1.0","12","20210401","20210501",建築業協力会システム,"社員、従業員、作業員たち用の APP（Web,Adndroid,iOS） HP、資料共有、スケジュール共有、Point商品交換など",環境構築、基盤開発、ﾌﾚｰﾑﾜｰｸ作成、チーム管理,"8",Xamarin NodeJs Angular OAth2,"","",MarinDB FireBase Office365 (Calendar),"","",Windows Linux Android iOS,"","","001","0","0","0","0","0","0","0","0","202","2024-03-29 13:54:38","202","2024-03-29 13:54:38"
"000001","202","1.0","13","20210401","20210501",クラウドメニュー,飲食店向けオンライン注文、店内管理システム,環境構築、基盤開発、ﾌﾚｰﾑﾜｰｸ作成、チーム管理,"5",.NetCore SpringBoot Vue,"","",MySQL MyBatis MinIO,"","",Windows Linux Kubernetes Docker,"","","001","0","0","0","0","0","0","0","0","202","2024-03-29 13:54:38","202","2024-03-29 13:54:38"
"000001","202","1.0","14","20211001","20240301",次世代システム基盤開発,プロジェクトソース自動生成ツールの開発,環境構築、基盤開発、ﾌﾚｰﾑﾜｰｸ作成、チーム管理,"5",Blazor wasm SpringBoot,"","",Ymlフィアル,"","",Windows,"","","001","0","0","0","0","0","1","1","0","202","2024-03-29 13:54:38","202","2024-03-29 13:54:38"
"000001","207","1.0","01","20180901","20230201",ヘルプデスク,ユーザーからの問い合わせ対応を行う,問い合わせ対応、月次資料作成,"1","","","","","","",Windows,"","","003","1","1","1","1","1","1","1","0","207","2023-04-24 11:40:32","207","2023-04-24 11:40:32"
"000001","207","1.0","02","20211001","20230201",設計,基本設計,基本設計資料作成、結合テスト等,"3","","","","","","",Windows,"","","003","1","0","1","1","1","0","1","0","207","2023-04-24 11:40:32","207","2023-04-24 11:40:32"
"000001","210","202208","01","20181001","20200201",JTB旅行販売WEBシステム,ホテルの予約、航空販売、レンタカーなどの機能に基づいて詳細設計から試験までを担当しました。,ホテルの予約、航空販売、レンタカーなどの機能に基づいて詳細設計から試験までを担当しました。,"80",JAVA,"","",DB2,"","",WIN,"","","","1","1","0","0","0","0","0","0","210","2022-08-28 22:30:34","210","2022-08-28 22:30:34"
"000001","210","202208","02","20200301","20210505",農林金融システム,移行開発,システムデータベースのOracle➡Postgres移行開発 OracleのSQL文の検証、PostgresのSQL文へ遷移変更、データ抽出と再作成。 Postgresテスト仕様書を作成する，SPRINGで単体テストと本番環境で運用テスト。 ETLツール、ノンプログラミングで連携処理と開発など,"8",JAVA,"","",ORACLE,POSTGRES,"",WIN,LINUX,"","005","1","1","1","0","0","0","0","0","210","2022-08-28 22:30:34","210","2022-08-28 22:30:34"
"000001","210","202208","03","20210201","20210531",intra-martバージョンアップ,intra-martバージョンアップ,トヨタ中古車販売システムの新機能に基づいて詳細設計から結合試験までを担当しました,"5",JAVA,"","",MYSQL,"","",WIN,LINUX,"","005","1","1","0","0","0","0","1","0","210","2022-08-28 22:30:34","210","2022-08-28 22:30:34"
"000001","210","202208","04","20200601","20201030",intra-martバージョンアップ,intra-martバージョンアップ,トヨタ中古車販売システムの新機能に基づいて詳細設計から結合試験までを担当しました,"5",Java,TypeScript,"",SQLServer,"","",win,LINUX,"","005","1","1","1","0","0","0","1","0","210","2022-08-28 22:30:34","210","2022-08-28 22:30:34"
"000001","210","202208","05","20211101","20220331",大手会社の新貿易システ,大手会社の新貿易システ,輸出船積手配、輸出コンプライアンスと書類作成など機能に基づいて詳細設計から単体テストまでを担当しました,"30",java,Angular,"",ORACLE,"","",WIN,LINUX,"","005","1","1","0","0","0","1","1","0","210","2022-08-28 22:30:34","210","2022-08-28 22:30:34"
"000001","211","1.0","01","20070101","20070501",業務管理システム,システム開発,詳細設計、開発、単体テスト・結合テスト実施,"10",Java,"","",Oracle,"","",Windows Linux,"","","005","1","1","0","0","0","0","1","0","211","2023-04-24 13:22:55","211","2023-04-24 13:22:55"
"000001","211","1.0","02","20070601","20071001",販売管理システム,システム開発,詳細設計、開発、単体テスト・結合テスト実施,"10",VB．NET,"","",SQLserver,"","",Windows,"","","005","1","1","0","0","0","0","1","0","211","2023-04-24 13:22:55","211","2023-04-24 13:22:55"
"000001","211","1.0","03","20080601","20090101",運用管理システム,システム開発,詳細設計、開発、単体テスト・結合テスト実施,"10",Java,"","",Oracle,"","",Windows Linux,"","","005","1","1","0","0","0","0","1","0","211","2023-04-24 13:22:55","211","2023-04-24 13:22:55"
"000001","211","1.0","04","20080601","20090101",運用管理システム,システム開発,詳細設計、開発・単体テスト・結合テスト実施,"10",Java,"","",Oracle,"","",Windows Linux,"","","005","1","1","0","0","0","0","1","0","211","2023-04-24 13:22:55","211","2023-04-24 13:22:55"
"000001","211","1.0","05","20090201","20090701",業務システム,システム開発,詳細設計、開発、単体テスト・結合テスト実施,"15",ASP,"","",SQLserver,"","",Windows,"","","005","1","1","0","0","0","0","1","0","211","2023-04-24 13:22:55","211","2023-04-24 13:22:55"
"000001","211","1.0","06","20100501","20110101",精算管理システム,システム開発,基本設計、詳細設計、開発、単体テスト～総合 、テスト実施、運用テスト支援、本稼働,"8",VB．NET,"","",SQLserver,"","",Windows,"","","003","1","0","0","0","0","0","0","0","211","2023-04-24 13:22:55","211","2023-04-24 13:22:55"
"000001","211","1.0","07","20111001","20120501",販売管理システム,システム改修,詳細設計、開発、単体テスト・結合テスト実施,"8",Java,"","",Oracle,"","",Windows Linux,"","","005","1","1","0","0","0","0","1","0","211","2023-04-24 13:22:55","211","2023-04-24 13:22:55"
"000001","211","1.0","08","20121001","20130301",相談業務システム,システムマイグレーション,基本設計、詳細設計、開発、単体テスト～総合 、テスト実施、運用テスト支援、本稼働,"15",ASP,"","",SQLserver,"","",Windows,"","","003","1","0","0","0","0","0","0","0","211","2023-04-24 13:22:55","211","2023-04-24 13:22:55"
"000001","211","1.0","09","20130401","20140301",事務処理システム,システムマイグレーション,基本設計、詳細設計、開発、単体テスト～総合  テスト実施、運用テスト支援、本稼働,"15",Xpages,"","",IBM Lotus Domino,"","",Windows,"","","003","1","0","0","0","0","0","0","0","211","2023-04-24 13:22:55","211","2023-04-24 13:22:55"
"000001","211","1.0","10","20140301","20150201",物流システム,システム開発,詳細設計、開発、単体テスト・結合テスト実施,"8",VB．NET,"","",SQLserver,"","",Windows,"","","005","1","1","0","0","0","0","1","0","211","2023-04-24 14:30:35","211","2023-04-24 14:30:35"
"000001","211","1.0","11","20151101","20160201",運用管理システム,システムリプレース,詳細設計、開発、単体テスト・結合テスト実施,"8",VB．NET,"","",SQLserver,"","",Windows,"","","005","1","1","0","0","0","0","1","0","211","2023-04-24 14:30:35","211","2023-04-24 14:30:35"
"000001","211","1.0","12","20160301","20170301",事務処理システム,システム改修・保守,保守業務（顧客からのＱＡ対応、障害・仕様変更の設計・開発・テスト実施・本稼働）,"5",Xpages,"","",IBM Lotus Domino,"","",Windows,"","","003","1","0","0","0","0","0","0","0","211","2023-04-24 14:30:35","211","2023-04-24 14:30:35"
"000001","211","1.0","13","20161101","20170101",運営管理システム,システム改修,基本設計、詳細設計、開発、単体テスト～総合 、テスト実施、運用テスト支援、本稼働,"5",Java,"","",Oracle,"","",Windows Linux,"","","003","1","0","0","0","0","0","0","0","211","2023-04-24 14:30:35","211","2023-04-24 14:30:35"
"000001","211","1.0","14","20170201","20180401",店舗管理システム,システムリプレース,基本設計、詳細設計、開発、単体テスト～総合 、テスト実施、運用テスト支援、本稼働,"10",Java,"","",Oracle,"","",Windows Linux,"","","003","1","0","0","0","0","0","0","0","211","2023-04-24 14:30:35","211","2023-04-24 14:30:35"
"000001","211","1.0","15","20180501","20190301",雇用支援システム,システムリプレース,要件定義、基本設計、詳細設計、開発、単体テスト～総合テスト実施、運用テスト支援、本稼働,"15",Java,"","",Oracle,"","",Windows Linux,"","","001","0","0","0","0","0","0","0","0","211","2023-04-24 14:30:35","211","2023-04-24 14:30:35"
"000001","211","1.0","16","20190401","20210401",雇用支援システム,システム改修・保守,保守業務（顧客からのＱＡ対応、障害・仕様変更の設計・開発・テスト実施・本稼働）,"5",Java,"","",Oracle,"","",Windows Linux,"","","001","0","0","0","0","0","0","0","0","211","2023-04-24 14:30:35","211","2023-04-24 14:30:35"
"000001","211","1.0","17","20200401","20210601",業務システム,システム刷新,要件定義、基本設計、詳細設計、総合テスト実施,"15",Node.js VueJS,"","",PostgreSQL,"","",Windows Linux,"","","003","0","0","0","1","1","1","0","0","211","2023-04-24 14:30:35","211","2023-04-24 14:30:35"
"000001","211","1.0","18","20210701","20210701",店舗システム,システム改修,基本設計、詳細設計、開発、単体テスト実施,"5",VueJS Java,"","",MariaDB,"","",CentOS,"","","003","1","0","0","0","0","1","1","0","211","2023-04-24 14:30:35","211","2023-04-24 14:30:35"
"000001","211","1.0","19","20210801","20210901",電子手形交換システム,パッケージ開発,開発、単体テスト実施、障害対応,"7",Java,"","",HiRDB,"","",Windows,"","","004","1","1","1","0","0","0","1","0","211","2023-04-24 14:33:20","211","2023-04-24 14:33:20"
"000001","212","1.0","01","20170401","20190401",ECサイト構築・保守,ECサイトの新規機能追加・機能カスタマイズ,テスト,"4",PHP,"","",MySQL,"","",Windows,"","","005","1","1","1","0","0","0","1","0","212","2023-04-27 17:10:06","212","2023-04-27 17:10:06"
"000001","212","1.0","02","20210901","20210901",会社ホームページ作成,会社ホームページに開発事例を追加,HTML修正,"3",HTML,"","","","","",CentOS,"","","005","1","1","1","0","0","0","1","0","212","2023-04-27 17:10:06","212","2023-04-27 17:10:06"
"000001","212","1.0","03","20210901","20211001",電子手形システム,銀行用手形電子化対応システム,結合テスト,"20",JAVA/HTML,"","",HiRDB,"","",Windows,"","","005","1","1","1","1","1","0","1","0","212","2023-04-27 17:10:06","212","2023-04-27 17:10:06"
"000001","212","1.0","04","20210901","20211001",社内管理システム構築,社内管理システム新規作成,製造,"4",JAVA/Vue.js,"","",MariaDB,"","",CentOS,"","","005","1","1","1","0","0","0","1","0","212","2023-04-27 17:10:06","212","2023-04-27 17:10:06"
"000001","212","1.0","05","20211101","20230430",画面自動生成ツール作成,設計書から画面を自動生成する,製造,"6",JAVA/Blazor,"","","","","",Windows,"","","005","1","1","1","0","0","1","1","0","212","2023-04-27 17:10:06","212","2023-04-27 17:10:06"
"000001","214","1.0","01","20210901","20210901",会社HPの修正,開発事例の修正と項目の追加,開発事例を10項目追加,"3",HTML,"","","","","",CentOS,"","","005","1","1","1","0","0","0","1","0","214","2023-04-28 16:02:20","214","2023-04-28 16:02:20"
"000001","214","1.0","02","20210901","20210901",社内システムの機能追加,社内システムの機能の追加,申請一覧、承認ルート確認,"4",Java Vue.js,"","",MariaDB,"","",CentOS,"","","005","1","1","1","0","1","1","1","0","214","2023-04-28 16:02:20","214","2023-04-28 16:02:20"
"000001","214","1.0","03","20210901","20211001",電子手形システム,銀行用手形電子化対応システム,結合テスト,"20",Java/HTML,"","",HiRDB,"","",Windows,"","","005","1","1","1","1","1","0","1","0","214","2023-04-28 16:02:20","214","2023-04-28 16:02:20"
"000001","214","1.0","04","20211001","20211001",社内システムの機能追加,社内システムの機能の追加,申請一覧、承認ルート確認、詳細ボタン,"4",Java Vue.js,"","",MariaDB,"","",CentOS,"","","005","1","1","1","0","0","1","1","0","214","2023-04-28 16:02:20","214","2023-04-28 16:02:20"
"000001","214","1.0","05","20211101","20220201",社内システムの機能追加,社内システムの機能の追加,休暇申請(有給休暇・代休・特別休暇・夏季休暇),"3",Java Vue.js,"","",MariaDB,"","",CentOS,"","","005","1","1","1","0","0","0","1","0","214","2023-04-28 16:02:20","214","2023-04-28 16:02:20"
"000001","214","1.0","06","20220201","20220301",社内システムの機能追加,社内システムの機能の追加,代休履歴、日別チェック処理一覧,"5",Java Vue.js,"","",MariaDB,"","",CentOS,"","","005","1","1","1","0","0","0","1","0","214","2023-04-28 16:02:20","214","2023-04-28 16:02:20"
"000001","214","1.0","07","20220301","20220901",社内システムの機能追加,社内システムの機能の追加,交通費申請,"5",Java Vue.js,"","",MariaDB,"","",CentOS,"","","005","0","0","0","0","0","0","1","0","214","2023-04-28 16:02:20","214","2023-04-28 16:02:20"
"000001","214","1.0","08","20221001","20230331",日立保険システム,保守,詳細設計、単体テスト、結合テスト,"5",C#/JavaScript,"","",HiRDB,"","",Windows,"","","003","1","1","0","1","0","0","1","0","214","2023-04-28 16:02:20","214","2023-04-28 16:02:20"
"000001","214","1.0","09","20230401","20240331",DXシステム,施工管理支援,要件定義、基本設計、結合テスト、運用テスト,"7",React,"","",MySQL,"","",Linux,"","","003","0","0","1","1","1","0","0","0","214","2023-04-28 16:02:20","214","2023-04-28 16:02:20"
"000001","219","1.0","01","20220101","20220201",次世代システム基盤,次世代システム基盤の開発,詳細設計の作成,"5",JAVA,"","","","","",Windows,"","","005","1","1","0","1","1","1","1","0","219","2023-04-24 16:07:39","219","2023-04-24 16:07:39"
"000001","219","1.0","02","20220201","20220501",社内システム開発,社内で使用するシステムの開発,設計書の作成、ソースの作成、テスト実施,"3",JAVA,"","",MySQL,"","",Windows,"","","005","0","0","0","0","0","1","1","0","219","2023-04-24 16:07:39","219","2023-04-24 16:07:39"
"000001","219","1.0","03","20220501","20220601",大東建託協力会システム開発,大東建託協力会システムの開発,結合テストの実施,"8",Node.js php AngularJS,"","",MySQL,"","",Windows,"","","005","1","1","1","1","1","0","1","0","219","2023-04-24 16:07:39","219","2023-04-24 16:07:39"
"000001","222","７月_経歴書","01","20220401","20220430",社内システムの一部修正（勤務表の変更）,社内システムの一部修正,勤務表の変更,"5",Java,Vue.js,"",MariaDB,"","",CentOS,"","","005","1","1","1","0","0","1","1","0","222","2024-11-11 08:42:19","222","2024-11-11 08:42:19"
"000001","222","７月_経歴書","02","20220501","20220531",社内システムの機能追加（勤務表一括エクスポート）,社内システムの機能追加,勤務表一括エクスポート,"4",Java,Vue.js,"",MariaDB,"","",CentOS,"","","005","0","0","0","0","0","1","1","0","222","2024-11-11 08:42:19","222","2024-11-11 08:42:19"
"000001","222","７月_経歴書","03","20220601","20220630",社内システムの一部修正（勤務表PDF単体出力、申請一覧、承認一覧）,社内システムの一部修正,勤務表PDF単体出力、申請一覧画面、承認一覧画面,"4",Java,Vue.js,"",MariaDB,"","",CentOS,"","","005","1","1","1","0","0","1","1","0","222","2024-11-11 08:42:19","222","2024-11-11 08:42:19"
"000001","222","７月_経歴書","04","20220701","20220731",社内システムの機能追加（代休残入力）,社内システムの機能追加,代休残入力画面,"5",Java,Vue.js,"",MariaDB,"","",CentOS,"","","005","1","1","1","0","0","1","1","0","222","2024-11-11 08:42:19","222","2024-11-11 08:42:19"
"000001","222","７月_経歴書","05","20220701","20220731",社内システムの機能追加（履歴経歴書一覧）,社内システムの機能追加,履歴経歴書一覧,"5","","","","","","","","","","005","1","0","0","1","1","1","1","0","222","2024-11-11 08:42:19","222","2024-11-11 08:42:19"
"000001","222","７月_経歴書","06","20220701","20220731",社内システムの機能追加（出張手当申請）,社内システムの機能追加,手当申請：出張手当申請,"5",Java,Vue.js,"",MariaDB,"","",CentOS,"","","005","1","1","1","0","0","1","1","0","222","2024-11-11 08:42:19","222","2024-11-11 08:42:19"
"000001","222","７月_経歴書","07","20220804","20220805",社内システムの機能追加（権限管理）,社内システムの機能追加,権限管理画面,"5",Java,Vue.js,"",MariaDB,"","",CentOS,"","","005","1","1","1","0","1","1","1","0","222","2024-11-11 08:42:19","222","2024-11-11 08:42:19"
"000001","222","７月_経歴書","08","20220801","20220804",社内システムの機能追加（慶弔見舞金申請）,社内システムの機能追加,手当申請：慶弔見舞金申請,"5",Java,Vue.js,"",MariaDB,"","",CentOS,"","","005","1","0","0","0","1","1","1","0","222","2024-11-11 08:42:19","222","2024-11-11 08:42:19"
"000001","222","７月_経歴書","09","20220901","20221231",ITAC(新請求システム）,新請求システム,SE　設計書の作成　テスト,"10","","","","","","","","","","003","1","0","0","1","0","0","1","0","222","2024-11-11 08:42:19","222","2024-11-11 08:42:19"
"000001","222","７月_経歴書","10","20230101","20230515",日立製作所,移行作業　山口→広島,"信用リスクのテーブル移行関連　（IMP,EXP）","3","","","","","","","","","","003","1","1","1","1","0","0","0","0","222","2024-11-11 08:42:19","222","2024-11-11 08:42:19"
"000001","222","７月_経歴書","11","20230515","20230801",大東建託（DXアプリ）,アプリのリリース（2次開発）,保守メイン（障害対応）　基本設計書作成,"9",React,"","",MySQL,"","",Linux,"","","003","0","0","1","1","1","0","0","0","222","2024-11-11 08:42:19","222","2024-11-11 08:42:19"
"000001","227","1.0","01","20200501","20200901",社内システム,パッケージソフトをカスタマイズする際にデフォルトのものとの差異を確認する為のシステム,パッケージソフトをカスタマイズする際にデフォルトのものとの差異を確認する為のシステム,"1",C＃,"","",MySQL,"","",Win10,"","","005","0","0","0","0","0","1","1","0","227","2024-08-23 09:37:37","227","2024-08-23 09:37:37"
"000001","227","1.0","02","20220501","20220601",社内システム,勤怠、申請、承認を管理する社内管理システム ・単体テスト,勤怠、申請、承認を管理する社内管理システム ・単体テスト,"3","JAVA,JSP","","",MariaDB,"","",CentOS,"","","005","1","1","1","1","0","1","1","0","227","2024-08-23 09:37:37","227","2024-08-23 09:37:37"
"000001","227","1.0","03","20220701","20230531",融資更改（山口銀行、北九州銀行、もみじ銀行）,三行の新規サーバー構築、DB構築、データ移行作業、保守,Linuxサーバー構築、Windowsサーバー構築、DB構築、データ移行ツール作成、移行作業、保守,"15",SQL,"","",Oracle11gR2,"","",Windows Server 2012,"","","","1","1","0","1","1","1","0","0","227","2024-08-23 09:37:37","227","2024-08-23 09:37:37"
"000001","227","1.0","04","20230601","20240131",ATMシステム更改対応,YMFGさんのATMシステムの更改によるサーバー構築、DB構築、移行作業,DBサーバー構築、移行作業、shell修正,"15","","","",HiRDB,"","",Red Hat Enterprise Linux 8.3,"","","003","1","1","0","1","1","1","0","0","227","2024-08-23 09:37:37","227","2024-08-23 09:37:37"
"000001","228","1.0","01","20070701","20070901",社内研修,社内研修,社内研修,"1",HTML  CSS  JAVASCRIPT PHP4.0,"","",MySQL,"","",Windows Server,"","","","1","1","1","0","0","1","1","0","228","2023-04-24 16:51:48","228","2023-04-24 16:51:48"
"000001","228","1.0","02","20080401","20080901",硝子製造業向け部品生産管理システム,コーディング、各種テストおよびプログラム修正,コーディング、各種テストおよびプログラム修正,"7",ASP.net  （VB）,"","",MySQL,"","",Windows Server,"","","","1","1","1","0","0","0","1","0","228","2023-04-24 16:51:48","228","2023-04-24 16:51:48"
"000001","228","1.0","03","20071001","20090201",製造業者向けトレーサビリティシステム,そのうちに入出庫・在庫管理システムと品質管理システムの実装に着手  ・コーディング、各種テストおよびプログラム修正,そのうちに入出庫・在庫管理システムと品質管理システムの実装に着手  ・コーディング、各種テストおよびプログラム修正,"10",PHP5.0,"","",Oracle10g,"","",WindowsXP  UNIX,"","","","1","1","1","0","0","0","1","0","228","2023-04-24 16:51:48","228","2023-04-24 16:51:48"
"000001","228","1.0","04","20090301","20090501",シンガポール向け調達システム,コーディング、各種テストおよびプログラム修正,コーディング、各種テストおよびプログラム修正,"30",ASP.net  （C#）,"","",SQL Server  2005,"","",Linux,"","","","1","1","1","0","0","0","1","0","228","2023-04-24 16:51:48","228","2023-04-24 16:51:48"
"000001","228","1.0","05","20090601","20090601",印刷業者向けＰＯＰ管理システム,ホームページでＰＤＦのアップロードやダウンロード処理の実装（一画面）,ホームページでＰＤＦのアップロードやダウンロード処理の実装（一画面）,"2",PHP4.0,"","",PostgreSQL7.0,"","",Linux,"","","","1","1","1","0","0","0","1","0","228","2023-04-24 16:51:48","228","2023-04-24 16:51:48"
"000001","228","1.0","06","20090701","20091201",自治体向け河川管理情報システム（携帯版ガラ携,コーディング、各種テストおよびプログラム修正 　,コーディング、各種テストおよびプログラム修正 　,"5",PHP5.0  C#,"","",Oracle11g,"","",Windows2003,"","","","1","1","1","0","0","1","1","0","228","2023-04-24 16:51:48","228","2023-04-24 16:51:48"
"000001","228","1.0","07","20100101","20100301",サービス（娯楽）業むけ顧客管理システム,データ集計  ・コーディング、各種テストおよびプログラム,データ集計  ・コーディング、各種テストおよびプログラム,"1",ASP.net  （C#）,"","",SQL Server  2005,"","",Windows2 003,"","","","1","1","0","0","0","0","1","0","228","2023-04-24 16:51:48","228","2023-04-24 16:51:48"
"000001","228","1.0","08","20100401","20101001",自治体向け河川管理情報システム,詳細設計書、テスト仕様書などのドキュメント作成 　 ・コーディング、各種テストおよびプログラム修正,詳細設計書、テスト仕様書などのドキュメント作成 　 ・コーディング、各種テストおよびプログラム修正,"5",ASP.net  （C#）,"","",Oracle11g,"","",Windows2003,"","","","1","1","0","0","0","0","0","0","228","2023-04-24 16:51:48","228","2023-04-24 16:51:48"
"000001","228","1.0","09","20101101","20110201",某大手ガス企業の検針システム,コーディング、各種テストおよびプログラム修正,コーディング、各種テストおよびプログラム修正,"100",ASP.net  （C#）,"","",SQL Server  2008R2,"","",Win7など （多機種  向け）,"","","","1","1","1","0","0","0","1","0","228","2023-04-24 16:51:48","228","2023-04-24 16:51:48"
"000001","228","1.0","10","20110301","20110601",某運輸大手会社のCTIシステム,コーディング、各種テストおよびプログラム修正,コーディング、各種テストおよびプログラム修正,"3",PHP5.2,"","",PostgreSQL8.4,"","",Linux,"","","","1","1","1","0","0","0","1","0","228","2023-04-24 17:01:11","228","2023-04-24 17:01:11"
"000001","228","1.0","11","20110701","20121201",某大手ガス企業の検針システム,要件定義書作成、基本設計書、詳細設計書、テスト仕様書などのドキュメント作成  ・コーディング、各種テストおよびプログラム修正,要件定義書作成、基本設計書、詳細設計書、テスト仕様書などのドキュメント作成  ・コーディング、各種テストおよびプログラム修正,"30",ASP.net  （C#）  PLSQL,"","",SQL Server  2008R2,"","",Win7など  （多機種 向け）,"","","","0","0","0","0","0","0","0","0","228","2023-04-24 17:01:11","228","2023-04-24 17:01:11"
"000001","228","1.0","12","20130101","20200301",海外セールス向け中古車販売システム,詳細設計書、テスト仕様書などのドキュメント作成 　 ・コーディング、各種テストおよびプログラム修正,詳細設計書、テスト仕様書などのドキュメント作成 　 ・コーディング、各種テストおよびプログラム修正,"10",PHP5.6  PLSQL,"","",SQL Server  2008R2,"","",Win7  Win10,"","","","1","1","0","0","0","0","0","0","228","2023-04-24 17:01:11","228","2023-04-24 17:01:11"
"000001","228","1.0","13","20200401","20200501",YCPアドオンアプリDLL対応,・工場用ロボットの生データをAPP側でDBから取得す ることをDLL化にして、DLLで出力した生データをApp側 で解析し集計するよう対応しました,・工場用ロボットの生データをAPP側でDBから取得す ることをDLL化にして、DLLで出力した生データをApp側 で解析し集計するよう対応しました,"3",C#,"","",MongoDB,"","",Win10,"","","","1","1","0","0","0","0","1","0","228","2023-04-24 17:01:11","228","2023-04-24 17:01:11"
"000001","228","1.0","14","20200601","20210301",某大手ガス企業の資材受発注システム,要件定義書作成、基本設計書、詳細設計書、テスト 仕様書などのドキュメント作成 ・バグ対応 ・単体テスト～総合,要件定義書作成、基本設計書、詳細設計書、テスト 仕様書などのドキュメント作成 ・バグ対応 ・単体テスト～総合,"40",C# SQL,"","",SQLServer2011,"","",Win10,"","","","0","0","0","0","0","0","1","0","228","2023-04-24 17:01:11","228","2023-04-24 17:01:11"
"000001","228","1.0","15","20210401","20210901",某大手薬局BPO開発管理システム,商品の自動発注システムの改修業務（仕様追加・変更）,商品の自動発注システムの改修業務（仕様追加・変更）,"2",C# PHP5.6 PLSQL,"","",Oracle11g,"","",Win10,"","","","1","0","0","0","0","0","1","0","228","2023-04-24 17:01:11","228","2023-04-24 17:01:11"
"000001","228","1.0","16","20211001","20211001",某大手海外輸出タイヤのECサイトシステム,ECサイトの改修業務（仕様追加・変更） 　 ・タイヤピット店舗管理システムの改修業務（タイヤ ピットとは全国のタイヤ交換・取付店舗を紹介するポー タルサイト。ECサイトと連携）,ECサイトの改修業務（仕様追加・変更） 　 ・タイヤピット店舗管理システムの改修業務（タイヤ ピットとは全国のタイヤ交換・取付店舗を紹介するポー タルサイト。ECサイトと連携）,"12",PHP7.3.23  Laravel5.8,"","",Mysql8.0.18,"","",Win10,"","","","1","1","1","1","0","1","1","0","228","2023-04-24 17:01:11","228","2023-04-24 17:01:11"
"000001","229","1.0","01","20191101","20200601",東京ガスシステム,テスト実施、テスト仕様書作成,PGを担当,"15",Java,"","",DB2,"","",Windows,"","","005","1","1","1","0","0","0","0","0","229","2023-04-24 17:12:00","229","2023-04-24 17:12:00"
"000001","229","1.0","02","20200701","20201201",不動産売買・賃貸システム,テスト実施、テストデータ作成、バグ修正、エビデンス作成、仕様書修正,PGを担当,"8",Java,"","",PostgreSQL,"","",Windows Linux,"","","005","1","1","1","0","0","0","0","0","229","2023-04-24 17:12:00","229","2023-04-24 17:12:00"
"000001","229","1.0","03","20210301","20210401",スマートクラウドフォンアプリ,画面テスト、手順書作成,PGを担当,"10",VBA,"","","","","",Windows,"","","005","1","1","1","1","1","1","0","0","229","2023-04-24 17:12:00","229","2023-04-24 17:12:00"
"000001","229","1.0","04","20210601","20220601",金融系メッセージ中継システム,システムの保守と運用,PGを担当,"15",C,"","",SQLserver,"","",Windows,"","","005","1","0","0","0","0","0","0","0","229","2023-04-24 17:12:00","229","2023-04-24 17:12:00"
"000001","229","1.0","05","20220701","20220701",運送会社・請求システム,新規開発,SS～PGを担当,"15",Java,"","",postgresql,"","",Windows AWS,"","","005","1","1","0","0","0","1","1","0","229","2023-04-24 17:12:00","229","2023-04-24 17:12:00"
"000001","232","1","02","20230501","20230701",大東建託協力会4次開発,node.js廃止 ・MiniO導入（ファイル共有機能性能改善） ・旧テーブル廃止 ・PHP廃止（PHP画面、PHPサーバー処理）,単体テスト,"7","node.js,Java","","",MariaDB,"","",Linux,"","","005","1","1","1","1","0","1","1","0","232","2024-08-23 13:52:20","232","2024-08-23 13:52:20"
"000001","232","1","03","20230801","20231101",大東建託施工管理課DXアプリ開発,アプリのリリース(2次開発),基本設計書作成～テスト,"9",react,"","",MySQL,"","",Linux,"","","003","1","0","0","1","1","0","0","0","232","2024-08-23 13:52:20","232","2024-08-23 13:52:20"
"000001","232","1","04","20231201","20240219",Azure開発クラウド,Azure環境の構築、運用,運用保守,"4",Azure CLI,PowerShell,"","","","",Windows10,"","","003","1","1","1","1","1","1","0","0","232","2024-08-23 13:52:20","232","2024-08-23 13:52:20"
"000001","232","1","05","20240219","20240801",大東建託施工管理課DXアプリ開発,アプリのリリース(2次/3次開発),基本設計書作成～テスト,"9",react,"","",MySQL,"","",Linux,"","","003","1","0","0","1","1","0","1","0","232","2024-08-23 13:52:20","232","2024-08-23 13:52:20"
"000001","239","1.0","01","20230403","20230411",社内管理システム,社内管理システム　メンテナンス,有休申請障害・開発経歴表示障害,"2",Vue.js,Java,"",MariaDB,"","",CentOS,"","","005","1","1","1","0","0","0","1","0","239","2024-08-20 13:50:18","239","2024-08-20 13:50:18"
"000001","239","1.0","02","20230412","20230426",BIOAGENホームページ,BIOAGENホームページ開発,shopList画面・products画面・メニューの一部,"3",Vue.js,CSS,"","","","",Windows,"","","005","1","1","1","0","0","1","1","0","239","2024-08-20 13:50:18","239","2024-08-20 13:50:18"
"000001","239","1.0","03","20230427","20230606",无人健身・简讯 APP,APP画面設計,APPデザイン・画面設計,"7","","","","","","","","","","003","0","0","1","1","1","1","1","0","239","2024-08-20 13:50:18","239","2024-08-20 13:50:18"
"000001","239","1.0","04","20230511","20230616",リーディング・ウィンホームページ,LWホームページ開発,画面設計・会社案内画面・事業内容画面・実績画面,"5",Vue.js,"","","","","",Windows,"","","005","0","0","1","0","0","1","1","0","239","2024-08-20 13:50:18","239","2024-08-20 13:50:18"
"000001","239","1.0","05","20230619","20240209",大東建託（DXシステム）,システム2次・3次開発,要件定義・基本設計（画面レイアウト・API）・テスト,"9",React,Typescript,"",MySQL,"","",Linux,"","","003","0","0","1","1","1","0","0","0","239","2024-08-20 13:50:18","239","2024-08-20 13:50:18"
"000001","239","1.0","06","20240501","20240820",大東建託（DXシステム）,システム2次・3次開発,要件定義（要件定義・システム機能）・基本設計（画面レイアウト・API）,"7",React,Typescript,"",MySQL,"","",Linux,"","","003","1","1","1","1","1","1","1","0","239","2024-08-20 13:50:18","239","2024-08-20 13:50:18"
"000001","242","1","01","20230701","20231130",大東建託協力会システム再構築第四期,旧テーブルの廃止、Nginx環境へ移行、Minioを利用,単体テスト、結合テスト,"15","","","",mysql,"","","","","","001","1","1","1","1","0","0","1","0","242","2024-08-19 11:28:41","242","2024-08-19 11:28:41"
"000001","242","1","02","20231201","20240831",大東建託施工管理課DXアプリ開発,DXアプリ設計と開発,画面新規、DB更新、単体テスト、結合テスト,"10","","","",mysql,"","",win,"","","003","1","0","1","1","0","0","1","0","242","2024-08-19 11:28:41","242","2024-08-19 11:28:41"
